"","Apr","Aug","Dec","Feb","Jan","Jul","Jun","Mar","May","Nov","Oct","Sep","Fri","Mon","Sat","Sun","Thu","Tue","Wed","year","temp","dewp","prcp","fog","NUM_COLLISIONS","NUM_COLLISIONS_norm"
"1",0,1,0,0,0,0,0,0,0,0,0,0,0,0,1,0,0,0,0,2022,69.7,62.5,0,0,241,0.262569832402235
"2",0,0,0,0,0,0,0,0,0,0,0,1,0,0,1,0,0,0,0,2022,70.2,62,0,0,254,0.335195530726257
"3",0,0,0,0,0,1,0,0,0,0,0,0,0,0,1,0,0,0,0,2023,65.6,65.1,0,1,264,0.503030303030303
"4",0,0,0,0,1,0,0,0,0,0,0,0,0,0,1,0,0,0,0,2023,36.2,33,0.39,0,217,0.218181818181818
"5",0,0,0,0,1,0,0,0,0,0,0,0,0,0,1,0,0,0,0,2023,41.1,35,0,0,242,0.36969696969697
"6",0,0,0,0,0,0,1,0,0,0,0,0,0,0,1,0,0,0,0,2022,63.2,52.3,0,0,311,0.653631284916201
"7",0,0,0,0,0,0,0,1,0,0,0,0,0,0,1,0,0,0,0,2021,47.9,35.9,0,1,240,0.24609375
"8",0,0,0,0,0,0,0,0,0,0,1,0,0,0,1,0,0,0,0,2021,65.7,60.1,0.31,0,297,0.46875
"9",0,0,0,0,0,0,0,0,0,0,1,0,0,0,1,0,0,0,0,2022,56.6,53.8,0,0,286,0.513966480446927
"10",0,1,0,0,0,0,0,0,0,0,0,0,0,0,1,0,0,0,0,2022,79.6,75.5,0,0,318,0.692737430167598
"11",0,0,0,0,0,0,0,0,0,0,1,0,0,0,1,0,0,0,0,2022,61.4,57.4,0,0,263,0.385474860335196
"12",0,0,0,0,0,0,1,0,0,0,0,0,0,0,1,0,0,0,0,2022,61.9,50,0.03,0,281,0.486033519553073
"13",0,0,0,0,0,0,0,0,0,0,1,0,0,0,1,0,0,0,0,2022,64.9,63.6,0.86,1,296,0.569832402234637
"14",0,0,0,0,0,1,0,0,0,0,0,0,0,0,1,0,0,0,0,2023,70.3,59.9,0,0,261,0.484848484848485
"15",1,0,0,0,0,0,0,0,0,0,0,0,0,0,1,0,0,0,0,2023,51.1,50.2,0,1,255,0.448484848484848
"16",0,0,0,1,0,0,0,0,0,0,0,0,0,0,1,0,0,0,0,2023,42.3,38.1,0,1,255,0.448484848484848
"17",0,0,0,0,0,0,0,0,0,1,0,0,0,0,1,0,0,0,0,2023,48.4,43.7,0,0,278,0.587878787878788
"18",0,0,0,0,0,0,0,0,1,0,0,0,0,0,1,0,0,0,0,2023,54.5,50.1,0.48,1,261,0.484848484848485
"19",0,0,0,0,0,0,1,0,0,0,0,0,0,0,1,0,0,0,0,2021,72.9,69,0,0,379,0.7890625
"20",1,0,0,0,0,0,0,0,0,0,0,0,0,0,1,0,0,0,0,2021,45.3,39.7,0,0,264,0.33984375
"21",0,0,0,0,0,0,0,0,0,1,0,0,0,0,1,0,0,0,0,2021,42.5,36.1,0.01,0,323,0.5703125
"22",0,0,0,0,0,0,0,0,1,0,0,0,0,0,1,0,0,0,0,2021,57.9,56.1,0.81,1,275,0.3828125
"23",0,1,0,0,0,0,0,0,0,0,0,0,0,0,1,0,0,0,0,2021,75.2,70.6,0,1,323,0.5703125
"24",0,0,0,0,0,0,0,0,0,0,1,0,0,0,1,0,0,0,0,2021,64.2,61.6,0.16,0,290,0.44140625
"25",0,0,0,0,0,0,0,0,0,0,1,0,0,0,1,0,0,0,0,2022,57.2,46.1,0.03,0,324,0.726256983240223
"26",0,0,0,0,0,0,0,0,0,1,0,0,0,0,1,0,0,0,0,2022,36.9,16.5,0,0,306,0.625698324022346
"27",0,0,0,0,0,0,0,0,1,0,0,0,0,0,1,0,0,0,0,2022,61.2,53.5,0,1,334,0.782122905027933
"28",0,0,0,0,0,0,1,0,0,0,0,0,0,0,1,0,0,0,0,2022,69.2,65.6,0,0,303,0.608938547486033
"29",0,1,0,0,0,0,0,0,0,0,0,0,0,0,1,0,0,0,0,2022,71.2,69.8,0,1,249,0.307262569832402
"30",1,0,0,0,0,0,0,0,0,0,0,0,0,0,1,0,0,0,0,2022,45,35.8,0.17,0,289,0.53072625698324
"31",0,0,0,0,0,0,0,1,0,0,0,0,0,0,1,0,0,0,0,2022,34.1,13.6,0.01,0,299,0.58659217877095
"32",0,0,0,0,0,0,0,0,1,0,0,0,0,0,1,0,0,0,0,2022,60.6,56.6,0,1,255,0.340782122905028
"33",1,0,0,0,0,0,0,0,0,0,0,0,0,0,1,0,0,0,0,2022,48.6,33.1,0,0,283,0.497206703910615
"34",1,0,0,0,0,0,0,0,0,0,0,0,0,0,1,0,0,0,0,2022,47.8,34.1,0,0,256,0.346368715083799
"35",0,0,0,1,0,0,0,0,0,0,0,0,0,0,1,0,0,0,0,2022,31,9.9,0,0,278,0.46927374301676
"36",0,0,0,0,0,0,0,1,0,0,0,0,0,0,1,0,0,0,0,2023,36.5,19.4,0,0,287,0.642424242424242
"37",0,0,0,0,0,0,0,0,1,0,0,0,0,0,1,0,0,0,0,2023,58.6,51.5,0.17,0,300,0.721212121212121
"38",0,0,0,0,0,0,0,0,0,0,1,0,0,0,1,0,0,0,0,2023,58.3,44.5,0,0,195,0.0848484848484849
"39",0,0,0,0,0,0,1,0,0,0,0,0,0,0,1,0,0,0,0,2023,61.8,59.5,0,0,289,0.654545454545455
"40",0,0,0,1,0,0,0,0,0,0,0,0,0,0,1,0,0,0,0,2023,42.2,38.9,0.53,0,264,0.503030303030303
"41",0,0,0,0,1,0,0,0,0,0,0,0,0,0,1,0,0,0,0,2023,45.2,44.4,0.67,1,254,0.442424242424242
"42",0,0,0,0,0,0,0,0,0,1,0,0,0,0,1,0,0,0,0,2023,50.8,46.8,0.13,0,265,0.509090909090909
"43",0,0,0,0,0,1,0,0,0,0,0,0,0,0,1,0,0,0,0,2023,70.8,69.3,0.04,0,274,0.563636363636364
"44",1,0,0,0,0,0,0,0,0,0,0,0,0,0,1,0,0,0,0,2022,47,31.5,0,0,239,0.251396648044693
"45",0,0,0,0,0,0,0,1,0,0,0,0,0,0,1,0,0,0,0,2022,48.7,36.2,0.02,0,293,0.553072625698324
"46",0,0,1,0,0,0,0,0,0,0,0,0,0,0,1,0,0,0,0,2021,35.8,24.2,0,0,292,0.44921875
"47",0,0,0,0,1,0,0,0,0,0,0,0,0,0,1,0,0,0,0,2021,41.2,37.8,0.4,0,242,0.25390625
"48",0,0,0,0,0,0,0,0,0,0,0,1,0,0,1,0,0,0,0,2022,70.8,66.8,0.2,0,314,0.670391061452514
"49",0,0,0,0,0,0,0,0,0,0,1,0,0,0,1,0,0,0,0,2022,58.5,48.7,0,0,216,0.122905027932961
"50",0,0,0,0,0,0,0,0,1,0,0,0,0,0,1,0,0,0,0,2022,49.2,43.3,0,0,282,0.491620111731844
"51",0,0,0,0,1,0,0,0,0,0,0,0,0,0,1,0,0,0,0,2022,45.7,38.4,0.41,0,203,0.0502793296089385
"52",0,0,0,0,1,0,0,0,0,0,0,0,0,0,1,0,0,0,0,2022,34.5,23.8,0,0,238,0.245810055865922
"53",0,0,0,0,0,0,0,0,1,0,0,0,0,0,1,0,0,0,0,2022,55.8,54.3,0.31,1,298,0.581005586592179
"54",0,0,0,0,0,0,0,0,0,1,0,0,0,0,1,0,0,0,0,2022,66.2,63.4,0,0,280,0.480446927374302
"55",0,0,0,0,0,0,0,1,0,0,0,0,0,0,1,0,0,0,0,2022,49.4,46.9,0.04,1,329,0.754189944134078
"56",0,0,0,0,0,0,1,0,0,0,0,0,0,0,1,0,0,0,0,2022,67.4,64.3,0.77,1,319,0.698324022346369
"57",0,0,0,0,1,0,0,0,0,0,0,0,0,0,1,0,0,0,0,2022,38.4,24.4,0.04,0,265,0.396648044692737
"58",0,0,0,0,0,0,0,1,0,0,0,0,0,0,1,0,0,0,0,2022,40.7,28.9,0,0,311,0.653631284916201
"59",0,0,0,0,0,1,0,0,0,0,0,0,0,0,1,0,0,0,0,2022,73.1,72.1,0,1,303,0.608938547486033
"60",0,0,0,1,0,0,0,0,0,0,0,0,0,0,1,0,0,0,0,2022,29.7,22.4,0.1,0,305,0.620111731843575
"61",0,0,0,0,1,0,0,0,0,0,0,0,0,0,1,0,0,0,0,2022,22.9,6.6,0,0,312,0.659217877094972
"62",0,0,0,0,0,0,0,1,0,0,0,0,0,0,1,0,0,0,0,2023,40,34.3,0,0,317,0.824242424242424
"63",0,0,0,0,0,0,0,1,0,0,0,0,0,0,1,0,0,0,0,2023,42,27,0,0,257,0.460606060606061
"64",0,0,0,0,0,0,0,1,0,0,0,0,0,0,1,0,0,0,0,2021,32.6,22.7,0,0,250,0.28515625
"65",1,0,0,0,0,0,0,0,0,0,0,0,0,0,1,0,0,0,0,2021,50.9,43.1,0,0,320,0.55859375
"66",0,0,1,0,0,0,0,0,0,0,0,0,0,0,1,0,0,0,0,2021,47.9,33.5,0.04,0,302,0.48828125
"67",0,0,0,0,0,0,0,0,0,1,0,0,0,0,1,0,0,0,0,2021,51.4,39.6,0.02,0,343,0.6484375
"68",0,1,0,0,0,0,0,0,0,0,0,0,0,0,1,0,0,0,0,2021,72.4,68.1,0,0,339,0.6328125
"69",0,0,0,0,0,1,0,0,0,0,0,0,0,0,1,0,0,0,0,2023,70.1,66.8,0,0,249,0.412121212121212
"70",0,0,0,0,0,0,0,1,0,0,0,0,0,0,1,0,0,0,0,2023,43.7,35.3,0,0,265,0.509090909090909
"71",0,0,0,0,0,0,0,0,0,0,1,0,0,0,1,0,0,0,0,2023,52.8,44.3,0,0,283,0.618181818181818
"72",0,0,0,0,0,0,0,0,1,0,0,0,0,0,1,0,0,0,0,2023,54.8,43.6,0,0,265,0.509090909090909
"73",0,0,0,0,0,0,0,1,0,0,0,0,0,0,1,0,0,0,0,2021,22.1,6.4,0,0,253,0.296875
"74",0,0,0,0,0,1,0,0,0,0,0,0,0,0,1,0,0,0,0,2021,73.8,69.7,0,1,328,0.58984375
"75",0,0,1,0,0,0,0,0,0,0,0,0,0,0,1,0,0,0,0,2021,52.6,45.8,0.01,0,345,0.65625
"76",0,0,0,1,0,0,0,0,0,0,0,0,0,0,1,0,0,0,0,2022,42.9,34.5,0,0,194,0
"77",0,1,0,0,0,0,0,0,0,0,0,0,0,0,1,0,0,0,0,2022,70.6,66.3,0,0,259,0.363128491620112
"78",0,1,0,0,0,0,0,0,0,0,0,0,0,0,1,0,0,0,0,2022,72.7,68.6,0.03,0,294,0.558659217877095
"79",0,0,0,0,0,1,0,0,0,0,0,0,0,0,1,0,0,0,0,2022,72.1,59.1,0.01,0,255,0.340782122905028
"80",0,0,1,0,0,0,0,0,0,0,0,0,0,0,1,0,0,0,0,2022,39,29.6,0,0,269,0.418994413407821
"81",0,0,0,0,0,0,0,1,0,0,0,0,0,0,1,0,0,0,0,2021,43.5,43,0,0,224,0.18359375
"82",0,0,0,1,0,0,0,0,0,0,0,0,0,0,1,0,0,0,0,2021,27.6,20.5,0.78,0,301,0.484375
"83",0,0,0,0,0,0,1,0,0,0,0,0,0,0,1,0,0,0,0,2021,65,60.7,0,1,381,0.796875
"84",0,0,0,0,0,0,0,0,0,0,0,1,0,0,1,0,0,0,0,2021,68.2,57,0.01,0,325,0.578125
"85",0,0,0,0,0,1,0,0,0,0,0,0,0,0,1,0,0,0,0,2021,70.5,67.6,0,1,303,0.4921875
"86",0,0,0,0,0,1,0,0,0,0,0,0,0,0,1,0,0,0,0,2021,74.9,70.4,0,1,359,0.7109375
"87",0,0,0,0,1,0,0,0,0,0,0,0,0,0,1,0,0,0,0,2021,26.6,12.3,0,0,260,0.32421875
"88",0,1,0,0,0,0,0,0,0,0,0,0,0,0,1,0,0,0,0,2021,72.4,63,0,0,325,0.578125
"89",0,0,0,0,0,0,0,0,1,0,0,0,0,0,1,0,0,0,0,2023,55.9,49.1,0.61,0,286,0.636363636363636
"90",0,0,0,0,0,0,0,0,0,1,0,0,0,0,1,0,0,0,0,2023,39.7,29.6,0,0,305,0.751515151515151
"91",0,0,0,0,0,1,0,0,0,0,0,0,0,0,1,0,0,0,0,2023,71.3,70.2,0.57,1,311,0.787878787878788
"92",1,0,0,0,0,0,0,0,0,0,0,0,0,0,1,0,0,0,0,2021,49.9,36.9,1.02,0,300,0.48046875
"93",0,0,0,0,0,0,1,0,0,0,0,0,0,0,1,0,0,0,0,2021,69.1,66.1,0,1,361,0.71875
"94",0,0,0,0,0,0,0,0,0,0,0,1,0,0,1,0,0,0,0,2021,63,52.1,0,0,317,0.546875
"95",0,0,0,0,0,0,0,0,0,1,0,0,0,0,1,0,0,0,0,2021,59.3,46.4,0.43,0,331,0.6015625
"96",0,0,0,0,0,0,1,0,0,0,0,0,0,0,1,0,0,0,0,2023,61.1,55,0.03,0,261,0.484848484848485
"97",0,0,0,0,0,0,1,0,0,0,0,0,0,0,1,0,0,0,0,2023,52.3,48.3,0.02,0,253,0.436363636363636
"98",0,0,0,0,1,0,0,0,0,0,0,0,0,0,1,0,0,0,0,2023,44.6,39.2,0.02,1,232,0.309090909090909
"99",0,0,0,0,0,0,0,0,0,1,0,0,0,0,1,0,0,0,0,2023,41.7,27.6,0,0,316,0.818181818181818
"100",0,0,0,0,0,1,0,0,0,0,0,0,0,0,1,0,0,0,0,2021,63.6,57.7,0.14,0,322,0.56640625
"101",0,0,0,0,1,0,0,0,0,0,0,0,0,0,1,0,0,0,0,2021,32.6,27.9,0,0,238,0.23828125
"102",0,0,0,0,0,0,0,0,0,0,0,1,0,0,1,0,0,0,0,2021,72.2,68.9,0,0,299,0.4765625
"103",0,0,0,0,1,0,0,0,0,0,0,0,0,0,1,0,0,0,0,2021,42.6,31,0,0,225,0.1875
"104",0,0,0,0,0,0,0,0,0,0,0,1,0,0,1,0,0,0,0,2023,61.6,59.6,0.06,0,236,0.333333333333333
"105",0,0,0,0,1,0,0,0,0,0,0,0,0,0,1,0,0,0,0,2023,45.8,37.9,0.2,0,206,0.151515151515152
"106",0,0,1,0,0,0,0,0,0,0,0,0,0,0,1,0,0,0,0,2023,51.6,49.7,0.33,0,295,0.690909090909091
"107",0,0,0,0,0,0,0,0,0,0,0,1,0,0,1,0,0,0,0,2023,68.9,68.8,0,1,294,0.684848484848485
"108",0,0,0,0,0,0,0,0,0,0,0,1,0,0,1,0,0,0,0,2023,70,65.9,0,0,265,0.509090909090909
"109",0,0,0,0,0,0,0,0,0,0,0,1,0,0,1,0,0,0,0,2022,69.7,64.3,0,0,260,0.368715083798883
"110",0,0,0,0,0,0,0,0,0,1,0,0,0,0,1,0,0,0,0,2022,46,30,0.42,0,264,0.391061452513966
"111",0,0,0,1,0,0,0,0,0,0,0,0,0,0,1,0,0,0,0,2022,41.9,34.4,0,0,276,0.458100558659218
"112",0,0,0,1,0,0,0,0,0,0,0,0,0,0,1,0,0,0,0,2021,33.7,29.5,0,0,239,0.2421875
"113",0,1,0,0,0,0,0,0,0,0,0,0,0,0,1,0,0,0,0,2021,75.6,72.8,0,1,293,0.453125
"114",0,0,0,0,0,0,1,0,0,0,0,0,0,0,1,0,0,0,0,2021,65.4,58.5,0,1,329,0.59375
"115",0,0,0,0,0,0,0,0,0,1,0,0,0,0,1,0,0,0,0,2021,54.9,45,0,0,329,0.59375
"116",0,0,0,0,0,0,0,0,1,0,0,0,0,0,1,0,0,0,0,2021,49.8,44.9,0.83,0,279,0.3984375
"117",0,0,0,0,0,0,0,0,0,0,0,1,0,0,1,0,0,0,0,2022,72,68,0,0,294,0.558659217877095
"118",0,0,0,0,0,0,0,0,0,1,0,0,0,0,1,0,0,0,0,2022,56,48.7,0.68,0,254,0.335195530726257
"119",0,0,0,0,0,1,0,0,0,0,0,0,0,0,1,0,0,0,0,2022,68.1,61.2,0,0,279,0.474860335195531
"120",0,0,0,0,0,1,0,0,0,0,0,0,0,0,1,0,0,0,0,2022,77.2,74.5,0,0,279,0.474860335195531
"121",0,0,1,0,0,0,0,0,0,0,0,0,0,0,1,0,0,0,0,2022,38.9,24.3,0,0,277,0.463687150837989
"122",0,0,1,0,0,0,0,0,0,0,0,0,0,0,1,0,0,0,0,2022,40.7,32.5,0.01,0,282,0.491620111731844
"123",0,0,0,0,0,0,0,0,1,0,0,0,0,0,1,0,0,0,0,2022,49,34,0,0,295,0.564245810055866
"124",0,0,0,0,1,0,0,0,0,0,0,0,0,0,1,0,0,0,0,2022,39.7,32.8,0.29,1,208,0.0782122905027933
"125",1,0,0,0,0,0,0,0,0,0,0,0,0,0,1,0,0,0,0,2023,50.1,47.2,0.19,1,302,0.733333333333333
"126",0,0,0,1,0,0,0,0,0,0,0,0,0,0,1,0,0,0,0,2023,33.3,21.8,0,0,246,0.393939393939394
"127",0,0,0,0,0,0,0,0,0,1,0,0,0,0,1,0,0,0,0,2021,55.9,51.8,0.13,0,314,0.53515625
"128",0,0,0,0,0,0,0,0,1,0,0,0,0,0,1,0,0,0,0,2021,57.4,45.3,0,0,322,0.56640625
"129",0,0,0,1,0,0,0,0,0,0,0,0,0,0,1,0,0,0,0,2021,37,36.1,0,0,208,0.12109375
"130",0,1,0,0,0,0,0,0,0,0,0,0,0,0,1,0,0,0,0,2023,68.5,65.7,0,0,245,0.387878787878788
"131",0,0,1,0,0,0,0,0,0,0,0,0,0,0,1,0,0,0,0,2023,54.4,53.5,0.19,0,297,0.703030303030303
"132",1,0,0,0,0,0,0,0,0,0,0,0,0,0,1,0,0,0,0,2023,40.3,24.5,0,0,260,0.478787878787879
"133",0,0,0,0,0,0,0,1,0,0,0,0,0,0,1,0,0,0,0,2021,46.2,36.4,0,0,295,0.4609375
"134",0,1,0,0,0,0,0,0,0,0,0,0,0,0,1,0,0,0,0,2021,70.2,60.2,0,0,301,0.484375
"135",0,0,0,1,0,0,0,0,0,0,0,0,0,0,1,0,0,0,0,2021,32.4,25.3,0,0,245,0.265625
"136",0,0,0,0,0,0,0,0,0,0,1,0,0,0,1,0,0,0,0,2021,58,43.1,0.09,0,318,0.55078125
"137",0,0,1,0,0,0,0,0,0,0,0,0,0,0,1,0,0,0,0,2021,38,28.4,0.03,0,207,0.1171875
"138",0,0,0,0,0,0,0,0,0,0,0,1,0,0,1,0,0,0,0,2021,73.8,66.5,0,0,378,0.78515625
"139",0,0,0,0,0,0,0,0,0,0,1,0,0,0,1,0,0,0,0,2021,61.1,55.5,0.25,0,330,0.59765625
"140",0,0,0,0,0,0,1,0,0,0,0,0,0,0,1,0,0,0,0,2023,67,66.3,0,1,289,0.654545454545455
"141",0,1,0,0,0,0,0,0,0,0,0,0,0,0,1,0,0,0,0,2023,70.8,66.4,0.01,1,270,0.539393939393939
"142",0,0,0,0,0,0,0,0,1,0,0,0,0,0,1,0,0,0,0,2021,57.5,50.5,0,0,320,0.55859375
"143",0,0,0,0,0,0,0,0,1,0,0,0,0,0,1,0,0,0,0,2021,56.3,47.1,0,0,316,0.54296875
"144",0,0,0,0,0,0,0,0,0,0,0,1,0,0,1,0,0,0,0,2023,64.8,63.2,0,0,280,0.6
"145",0,0,0,0,0,0,0,0,1,0,0,0,0,0,1,0,0,0,0,2023,59.2,49.8,0,0,250,0.418181818181818
"146",0,1,0,0,0,0,0,0,0,0,0,0,0,0,1,0,0,0,0,2023,71.1,68.2,0,0,254,0.442424242424242
"147",1,0,0,0,0,0,0,0,0,0,0,0,0,0,1,0,0,0,0,2023,43.3,32.6,0,0,218,0.224242424242424
"148",0,1,0,0,0,0,0,0,0,0,0,0,0,0,1,0,0,0,0,2023,66.2,63.4,0,0,233,0.315151515151515
"149",0,0,0,0,0,0,0,0,0,0,1,0,0,0,1,0,0,0,0,2023,56,54.9,0.05,1,283,0.618181818181818
"150",1,0,0,0,0,0,0,0,0,0,0,0,0,0,1,0,0,0,0,2021,45.9,36.2,0,0,268,0.35546875
"151",0,0,0,0,0,0,0,0,0,0,1,0,0,0,1,0,0,0,0,2023,54.1,46,0.21,0,291,0.666666666666667
"152",0,0,0,1,0,0,0,0,0,0,0,0,0,0,1,0,0,0,0,2023,46.2,44.7,0.17,1,186,0.0303030303030303
"153",0,0,0,0,0,0,0,0,0,0,1,0,0,0,1,0,0,0,0,2023,60.7,55.8,0,0,276,0.575757575757576
"154",0,0,1,0,0,0,0,0,0,0,0,0,0,0,1,0,0,0,0,2023,48.1,45.2,0.4,1,271,0.545454545454545
"155",0,0,0,0,0,0,0,0,0,1,0,0,0,0,0,1,0,0,0,2022,42.6,29.7,0,0,298,0.581005586592179
"156",0,0,1,0,0,0,0,0,0,0,0,0,0,0,0,1,0,0,0,2022,36.9,24.9,0,0,266,0.402234636871508
"157",0,1,0,0,0,0,0,0,0,0,0,0,0,0,0,1,0,0,0,2022,75.2,72.9,0,1,283,0.497206703910615
"158",0,0,0,0,0,0,0,0,0,0,1,0,0,0,0,1,0,0,0,2022,64.5,60.8,0.14,0,250,0.312849162011173
"159",0,0,0,0,0,0,0,0,0,1,0,0,0,0,0,1,0,0,0,2022,56.5,35.8,0,0,231,0.206703910614525
"160",0,0,0,0,0,0,1,0,0,0,0,0,0,0,0,1,0,0,0,2023,60.1,52.7,0.02,0,268,0.527272727272727
"161",0,0,0,0,0,0,0,1,0,0,0,0,0,0,0,1,0,0,0,2022,45.2,40.2,0,0,295,0.564245810055866
"162",0,0,0,0,0,0,0,0,0,1,0,0,0,0,0,1,0,0,0,2022,46.8,36.8,0.01,0,240,0.256983240223464
"163",0,0,0,0,1,0,0,0,0,0,0,0,0,0,0,1,0,0,0,2022,30.2,20.6,0.05,0,255,0.340782122905028
"164",1,0,0,0,0,0,0,0,0,0,0,0,0,0,0,1,0,0,0,2022,49.6,43.5,0.64,0,256,0.346368715083799
"165",0,0,0,0,0,1,0,0,0,0,0,0,0,0,0,1,0,0,0,2021,71.6,66.5,0,0,326,0.58203125
"166",0,0,0,0,0,0,0,0,0,1,0,0,0,0,0,1,0,0,0,2021,43.1,27.3,0.21,0,340,0.63671875
"167",0,0,1,0,0,0,0,0,0,0,0,0,0,0,0,1,0,0,0,2021,43.1,38.3,0.05,0,221,0.171875
"168",0,0,0,0,0,0,0,0,0,1,0,0,0,0,0,1,0,0,0,2021,53.1,47.9,0,1,327,0.5859375
"169",0,0,0,0,1,0,0,0,0,0,0,0,0,0,0,1,0,0,0,2021,37,29.1,0,0,279,0.3984375
"170",0,0,0,1,0,0,0,0,0,0,0,0,0,0,0,1,0,0,0,2021,41.8,41.6,1.09,1,238,0.23828125
"171",0,0,0,0,1,0,0,0,0,0,0,0,0,0,0,1,0,0,0,2022,36.2,19.8,0.6,0,258,0.357541899441341
"172",0,0,0,1,0,0,0,0,0,0,0,0,0,0,0,1,0,0,0,2022,45.7,43.2,0.73,1,279,0.474860335195531
"173",0,0,0,0,0,1,0,0,0,0,0,0,0,0,0,1,0,0,0,2022,76.6,70,0.23,0,276,0.458100558659218
"174",0,0,0,0,0,0,0,1,0,0,0,0,0,0,0,1,0,0,0,2022,46.2,24.9,0,0,290,0.536312849162011
"175",0,0,0,0,0,0,1,0,0,0,0,0,0,0,0,1,0,0,0,2022,62.7,57.9,0,0,307,0.631284916201117
"176",0,1,0,0,0,0,0,0,0,0,0,0,0,0,0,1,0,0,0,2023,66.7,66.4,0,1,223,0.254545454545455
"177",0,0,0,0,0,0,0,0,0,0,1,0,0,0,0,1,0,0,0,2023,49.1,38.4,0.01,0,274,0.563636363636364
"178",0,0,0,0,0,0,0,0,0,0,0,1,0,0,0,1,0,0,0,2023,59.7,54.6,0.04,0,272,0.551515151515152
"179",0,0,0,0,0,0,0,0,0,0,1,0,0,0,0,1,0,0,0,2023,53.8,49.9,0.03,0,273,0.557575757575758
"180",0,0,0,0,1,0,0,0,0,0,0,0,0,0,0,1,0,0,0,2021,35.8,23.9,0,0,261,0.328125
"181",0,0,1,0,0,0,0,0,0,0,0,0,0,0,0,1,0,0,0,2021,46.8,31.3,0.03,0,321,0.5625
"182",0,0,0,0,0,0,0,0,0,0,0,1,0,0,0,1,0,0,0,2021,72.4,65.6,0,0,296,0.46484375
"183",0,0,0,0,0,0,0,0,0,1,0,0,0,0,0,1,0,0,0,2021,52.6,36.4,0,0,276,0.38671875
"184",0,0,0,0,0,0,1,0,0,0,0,0,0,0,0,1,0,0,0,2021,73.5,68.9,0,0,350,0.67578125
"185",0,0,0,0,0,0,0,0,0,1,0,0,0,0,0,1,0,0,0,2022,62.5,60.9,0.17,0,279,0.474860335195531
"186",0,0,0,0,0,0,0,0,0,0,0,1,0,0,0,1,0,0,0,2022,69,65.6,0.01,0,339,0.810055865921788
"187",0,0,1,0,0,0,0,0,0,0,0,0,0,0,0,1,0,0,0,2022,49.7,45,0,0,318,0.692737430167598
"188",0,0,0,0,0,0,0,0,1,0,0,0,0,0,0,1,0,0,0,2022,50,38.5,0,0,296,0.569832402234637
"189",0,0,0,0,0,0,0,0,0,0,1,0,0,0,0,1,0,0,0,2022,68,66.1,0.02,1,295,0.564245810055866
"190",0,0,0,0,0,0,0,1,0,0,0,0,0,0,0,1,0,0,0,2022,30.5,9,0,0,272,0.435754189944134
"191",0,0,0,0,1,0,0,0,0,0,0,0,0,0,0,1,0,0,0,2022,41.6,31.8,0,0,235,0.229050279329609
"192",1,0,0,0,0,0,0,0,0,0,0,0,0,0,0,1,0,0,0,2022,50.8,44.3,0,0,312,0.659217877094972
"193",0,0,0,0,0,0,0,0,0,0,1,0,0,0,0,1,0,0,0,2022,58.9,53.5,0,1,278,0.46927374301676
"194",0,0,0,0,1,0,0,0,0,0,0,0,0,0,0,1,0,0,0,2023,45.6,43.3,0,1,225,0.266666666666667
"195",0,0,0,0,0,0,0,0,0,1,0,0,0,0,0,1,0,0,0,2023,40.5,25.3,0.1,0,229,0.290909090909091
"196",1,0,0,0,0,0,0,0,0,0,0,0,0,0,0,1,0,0,0,2023,48.9,44.6,0,1,257,0.460606060606061
"197",0,0,0,0,0,0,0,0,1,0,0,0,0,0,0,1,0,0,0,2023,52.7,37.5,0,0,298,0.709090909090909
"198",0,0,0,0,0,1,0,0,0,0,0,0,0,0,0,1,0,0,0,2023,70.8,67.8,0,0,301,0.727272727272727
"199",0,0,0,0,0,0,0,1,0,0,0,0,0,0,0,1,0,0,0,2023,38.1,18.4,0,0,273,0.557575757575758
"200",0,0,0,0,0,0,0,0,1,0,0,0,0,0,0,1,0,0,0,2023,51.5,45.9,0.02,0,244,0.381818181818182
"201",0,0,0,0,0,0,0,0,1,0,0,0,0,0,0,1,0,0,0,2023,57.3,51.1,0,0,286,0.636363636363636
"202",0,0,0,0,0,0,0,1,0,0,0,0,0,0,0,1,0,0,0,2022,31.7,13.7,0,0,248,0.301675977653631
"203",0,0,0,0,0,1,0,0,0,0,0,0,0,0,0,1,0,0,0,2022,69.7,65.2,0,0,283,0.497206703910615
"204",0,1,0,0,0,0,0,0,0,0,0,0,0,0,0,1,0,0,0,2022,80.4,76.3,0,0,284,0.502793296089385
"205",0,0,0,0,0,0,0,0,1,0,0,0,0,0,0,1,0,0,0,2022,51.3,45.7,0.56,0,282,0.491620111731844
"206",0,0,0,0,0,1,0,0,0,0,0,0,0,0,0,1,0,0,0,2022,71.3,66,0,0,267,0.407821229050279
"207",0,0,0,0,0,0,0,0,1,0,0,0,0,0,0,1,0,0,0,2021,51.7,50.3,0.7,1,345,0.65625
"208",0,0,0,1,0,0,0,0,0,0,0,0,0,0,0,1,0,0,0,2021,42.7,42.7,0.02,1,213,0.140625
"209",0,1,0,0,0,0,0,0,0,0,0,0,0,0,0,1,0,0,0,2021,69.3,65.1,0,1,313,0.53125
"210",0,1,0,0,0,0,0,0,0,0,0,0,0,0,0,1,0,0,0,2022,74.8,71.6,0.13,0,293,0.553072625698324
"211",0,0,0,0,0,0,0,0,1,0,0,0,0,0,0,1,0,0,0,2022,59.1,53.2,0.06,1,315,0.675977653631285
"212",0,0,0,0,0,0,0,0,0,0,0,1,0,0,0,1,0,0,0,2022,68.9,64,0,0,228,0.189944134078212
"213",0,0,0,0,0,0,0,0,0,0,1,0,0,0,0,1,0,0,0,2022,60.1,55.8,0.05,0,270,0.424581005586592
"214",0,0,0,0,0,0,0,0,0,0,0,1,0,0,0,1,0,0,0,2022,69.9,65.8,0,0,288,0.525139664804469
"215",0,0,0,0,0,0,1,0,0,0,0,0,0,0,0,1,0,0,0,2022,61.3,54.6,0,0,317,0.687150837988827
"216",0,0,0,1,0,0,0,0,0,0,0,0,0,0,0,1,0,0,0,2022,44.9,42.6,0,1,244,0.279329608938547
"217",0,0,0,1,0,0,0,0,0,0,0,0,0,0,0,1,0,0,0,2022,33.8,23.3,0,0,274,0.446927374301676
"218",0,0,1,0,0,0,0,0,0,0,0,0,0,0,0,1,0,0,0,2022,37.7,25.7,0.01,0,302,0.603351955307263
"219",0,1,0,0,0,0,0,0,0,0,0,0,0,0,0,1,0,0,0,2022,69.2,63.1,0,0,291,0.541899441340782
"220",0,0,0,0,0,0,0,0,0,1,0,0,0,0,0,1,0,0,0,2022,48.7,32.1,0,0,306,0.625698324022346
"221",1,0,0,0,0,0,0,0,0,0,0,0,0,0,0,1,0,0,0,2022,46.8,36.3,0,0,252,0.324022346368715
"222",1,0,0,0,0,0,0,0,0,0,0,0,0,0,0,1,0,0,0,2023,51.7,44.7,0,1,237,0.339393939393939
"223",0,0,0,0,0,0,1,0,0,0,0,0,0,0,0,1,0,0,0,2023,57.7,52.7,0,0,280,0.6
"224",0,0,0,0,0,0,1,0,0,0,0,0,0,0,0,1,0,0,0,2023,66.5,65.8,1.16,0,272,0.551515151515152
"225",0,0,0,1,0,0,0,0,0,0,0,0,0,0,0,1,0,0,0,2023,34.6,25.5,0,0,258,0.466666666666667
"226",0,0,0,0,0,0,0,0,1,0,0,0,0,0,0,1,0,0,0,2021,58.3,52.1,0,0,374,0.76953125
"227",0,0,0,0,0,0,0,0,1,0,0,0,0,0,0,1,0,0,0,2021,55.4,46.9,0,0,354,0.69140625
"228",0,0,0,0,0,1,0,0,0,0,0,0,0,0,0,1,0,0,0,2021,66.3,63.4,0.19,1,298,0.47265625
"229",0,0,1,0,0,0,0,0,0,0,0,0,0,0,0,1,0,0,0,2023,39.5,28,1.04,0,313,0.8
"230",1,0,0,0,0,0,0,0,0,0,0,0,0,0,0,1,0,0,0,2023,47.9,41.2,0,0,209,0.16969696969697
"231",0,0,0,1,0,0,0,0,0,0,0,0,0,0,0,1,0,0,0,2023,40.3,31.9,0.14,0,259,0.472727272727273
"232",0,0,0,0,0,0,1,0,0,0,0,0,0,0,0,1,0,0,0,2021,59.2,53.2,0.46,0,355,0.6953125
"233",0,0,0,0,0,0,0,1,0,0,0,0,0,0,0,1,0,0,0,2022,46.5,30,0,0,259,0.363128491620112
"234",0,0,0,0,1,0,0,0,0,0,0,0,0,0,0,1,0,0,0,2022,22.2,5,0.02,0,257,0.35195530726257
"235",0,0,1,0,0,0,0,0,0,0,0,0,0,0,0,1,0,0,0,2022,36.5,24.7,0,0,213,0.106145251396648
"236",0,0,0,0,0,0,0,1,0,0,0,0,0,0,0,1,0,0,0,2021,51.1,45.3,0,0,283,0.4140625
"237",0,0,0,0,0,0,0,1,0,0,0,0,0,0,0,1,0,0,0,2021,43.7,35.5,0,0,281,0.40625
"238",0,0,0,0,0,0,0,0,0,0,1,0,0,0,0,1,0,0,0,2021,56.4,39.8,0.02,0,302,0.48828125
"239",0,0,0,0,0,0,0,0,0,0,1,0,0,0,0,1,0,0,0,2021,64.6,60.4,0.39,0,323,0.5703125
"240",0,0,0,0,0,0,0,0,0,1,0,0,0,0,0,1,0,0,0,2023,41.8,35.1,0,0,266,0.515151515151515
"241",0,0,0,0,0,0,0,0,1,0,0,0,0,0,0,1,0,0,0,2023,51.6,42.2,0,0,270,0.539393939393939
"242",0,0,0,0,0,0,0,1,0,0,0,0,0,0,0,1,0,0,0,2023,42.1,36.4,0.01,0,246,0.393939393939394
"243",0,1,0,0,0,0,0,0,0,0,0,0,0,0,0,1,0,0,0,2021,76.5,71.8,0,0,332,0.60546875
"244",0,0,0,0,0,0,0,0,0,1,0,0,0,0,0,1,0,0,0,2021,37.1,22.6,0,0,282,0.41015625
"245",0,0,0,1,0,0,0,0,0,0,0,0,0,0,0,1,0,0,0,2023,34.8,31.2,0.02,0,228,0.284848484848485
"246",0,0,0,0,1,0,0,0,0,0,0,0,0,0,0,1,0,0,0,2023,39.3,27.7,0.02,0,252,0.43030303030303
"247",0,0,1,0,0,0,0,0,0,0,0,0,0,0,0,1,0,0,0,2023,46,38.9,0.29,0,271,0.545454545454545
"248",0,0,0,0,0,0,0,0,0,0,1,0,0,0,0,1,0,0,0,2023,53.8,48.2,0,0,262,0.490909090909091
"249",0,1,0,0,0,0,0,0,0,0,0,0,0,0,0,1,0,0,0,2023,67.9,61.5,0,1,231,0.303030303030303
"250",0,0,0,0,0,0,0,1,0,0,0,0,0,0,0,1,0,0,0,2021,26.1,8.7,0,0,268,0.35546875
"251",0,0,0,0,0,0,1,0,0,0,0,0,0,0,0,1,0,0,0,2021,68,64.1,0,1,369,0.75
"252",0,1,0,0,0,0,0,0,0,0,0,0,0,0,0,1,0,0,0,2021,77,70.2,0,1,310,0.51953125
"253",0,0,0,1,0,0,0,0,0,0,0,0,0,0,0,1,0,0,0,2021,26.1,21.2,0,1,229,0.203125
"254",0,0,0,0,0,0,0,1,0,0,0,0,0,0,0,1,0,0,0,2023,42.1,38.6,0.18,0,268,0.527272727272727
"255",0,0,0,1,0,0,0,0,0,0,0,0,0,0,0,1,0,0,0,2023,40.8,37.5,0,0,226,0.272727272727273
"256",0,0,1,0,0,0,0,0,0,0,0,0,0,0,0,1,0,0,0,2023,41.4,35.5,0,0,260,0.478787878787879
"257",0,0,1,0,0,0,0,0,0,0,0,0,0,0,0,1,0,0,0,2023,46,45.1,0,1,188,0.0424242424242424
"258",0,1,0,0,0,0,0,0,0,0,0,0,0,0,0,1,0,0,0,2023,69.6,60.3,0,0,280,0.6
"259",1,0,0,0,0,0,0,0,0,0,0,0,0,0,0,1,0,0,0,2022,49,43.3,0,0,244,0.279329608938547
"260",0,0,0,0,0,0,1,0,0,0,0,0,0,0,0,1,0,0,0,2022,69.7,59.6,0.08,1,315,0.675977653631285
"261",0,0,0,0,0,0,0,0,1,0,0,0,0,0,0,1,0,0,0,2021,52.4,44.2,0.75,0,326,0.58203125
"262",0,0,0,0,0,0,0,0,0,0,0,1,0,0,0,1,0,0,0,2022,72,70.4,0.02,1,326,0.737430167597765
"263",0,0,0,1,0,0,0,0,0,0,0,0,0,0,0,1,0,0,0,2022,20.4,1,0.01,0,289,0.53072625698324
"264",0,1,0,0,0,0,0,0,0,0,0,0,0,0,0,1,0,0,0,2022,74,72,0.49,1,273,0.441340782122905
"265",0,0,0,0,0,0,1,0,0,0,0,0,0,0,0,1,0,0,0,2022,68.2,61.4,0.06,0,295,0.564245810055866
"266",0,0,0,0,0,0,0,0,1,0,0,0,0,0,0,1,0,0,0,2022,56.3,46.5,0,0,278,0.46927374301676
"267",0,0,0,0,0,1,0,0,0,0,0,0,0,0,0,1,0,0,0,2022,76,70.7,0,0,292,0.547486033519553
"268",0,0,0,0,0,0,0,0,1,0,0,0,0,0,0,1,0,0,0,2022,64.3,57.4,0,0,354,0.893854748603352
"269",0,0,0,0,1,0,0,0,0,0,0,0,0,0,0,1,0,0,0,2023,38.2,34.6,0,1,261,0.484848484848485
"270",1,0,0,0,0,0,0,0,0,0,0,0,0,0,0,1,0,0,0,2023,49.7,44.6,0,0,305,0.751515151515151
"271",0,0,0,0,0,0,0,0,0,0,0,1,0,0,0,1,0,0,0,2023,69.5,68.7,0.04,1,280,0.6
"272",0,0,0,0,0,0,0,1,0,0,0,0,0,0,0,1,0,0,0,2021,28.4,14.5,0,0,237,0.234375
"273",0,1,0,0,0,0,0,0,0,0,0,0,0,0,0,1,0,0,0,2021,69.9,60.9,0,0,286,0.42578125
"274",0,0,0,0,0,0,0,1,0,0,0,0,0,0,0,1,0,0,0,2021,42.1,34.7,0,0,299,0.4765625
"275",0,0,0,0,0,0,0,0,0,0,0,1,0,0,0,1,0,0,0,2021,69.5,58.8,0,0,342,0.64453125
"276",1,0,0,0,0,0,0,0,0,0,0,0,0,0,0,1,0,0,0,2021,48.1,33.1,0,0,273,0.375
"277",0,0,0,1,0,0,0,0,0,0,0,0,0,0,0,1,0,0,0,2021,38.5,35.3,0.81,0,240,0.24609375
"278",0,1,0,0,0,0,0,0,0,0,0,0,0,0,0,1,0,0,0,2021,73.1,69.8,0,1,331,0.6015625
"279",0,0,0,0,0,0,0,0,0,0,1,0,0,0,0,1,0,0,0,2021,63,56.9,0,0,321,0.5625
"280",0,0,0,0,0,1,0,0,0,0,0,0,0,0,0,1,0,0,0,2021,74.3,69.2,0,1,286,0.42578125
"281",0,0,0,0,1,0,0,0,0,0,0,0,0,0,0,1,0,0,0,2021,38.7,36.1,0.14,0,228,0.19921875
"282",0,1,0,0,0,0,0,0,0,0,0,0,0,0,0,1,0,0,0,2023,70.9,69.3,0,0,240,0.357575757575758
"283",1,0,0,0,0,0,0,0,0,0,0,0,0,0,0,1,0,0,0,2021,47.5,39,0,0,318,0.55078125
"284",0,0,0,0,0,0,0,0,0,1,0,0,0,0,0,1,0,0,0,2021,45.9,27.2,0,0,315,0.5390625
"285",1,0,0,0,0,0,0,0,0,0,0,0,0,0,0,1,0,0,0,2021,45.5,39.2,0,0,321,0.5625
"286",0,0,0,0,0,1,0,0,0,0,0,0,0,0,0,1,0,0,0,2021,76.7,66.6,0,1,318,0.55078125
"287",0,0,0,0,0,0,1,0,0,0,0,0,0,0,0,1,0,0,0,2021,64.5,61.9,0,1,355,0.6953125
"288",0,0,0,0,0,0,0,0,0,0,0,1,0,0,0,1,0,0,0,2021,66.2,59.7,0,0,311,0.5234375
"289",0,0,0,0,0,0,0,0,0,0,1,0,0,0,0,1,0,0,0,2023,59.5,53.5,0,0,313,0.8
"290",0,0,0,0,0,0,0,0,1,0,0,0,0,0,0,1,0,0,0,2023,51.7,44.4,0,0,286,0.636363636363636
"291",0,0,0,0,0,0,0,0,0,0,0,1,0,0,0,1,0,0,0,2023,65.9,62,0.01,0,285,0.63030303030303
"292",0,0,0,0,1,0,0,0,0,0,0,0,0,0,0,1,0,0,0,2023,36.3,27.4,0.04,0,235,0.327272727272727
"293",0,1,0,0,0,0,0,0,0,0,0,0,0,0,0,1,0,0,0,2023,69.6,68.6,0.44,0,254,0.442424242424242
"294",1,0,0,0,0,0,0,0,0,0,0,0,0,0,0,1,0,0,0,2021,50.3,44.5,0,1,313,0.53125
"295",0,0,0,0,0,0,1,0,0,0,0,0,0,0,0,1,0,0,0,2021,70.6,67,0,1,290,0.44140625
"296",0,0,0,0,0,0,0,0,0,0,1,0,0,0,0,1,0,0,0,2021,63.3,59.7,0.97,0,318,0.55078125
"297",0,0,0,0,0,0,0,0,0,0,0,1,0,0,0,1,0,0,0,2023,72.6,66.6,0,1,285,0.63030303030303
"298",0,0,0,0,0,1,0,0,0,0,0,0,0,0,0,1,0,0,0,2023,71.1,69.6,0.03,1,246,0.393939393939394
"299",0,0,0,0,0,0,1,0,0,0,0,0,0,0,0,1,0,0,0,2023,61.4,60.5,0.69,1,274,0.563636363636364
"300",0,0,0,0,0,0,0,0,0,1,0,0,0,0,0,1,0,0,0,2023,56.2,51.5,0,0,238,0.345454545454545
"301",0,0,0,0,0,0,0,1,0,0,0,0,0,0,0,1,0,0,0,2023,42.1,34,0,0,248,0.406060606060606
"302",0,0,0,0,0,1,0,0,0,0,0,0,0,0,0,1,0,0,0,2023,71,65.2,0.02,1,276,0.575757575757576
"303",0,0,0,0,1,0,0,0,0,0,0,0,0,0,0,1,0,0,0,2021,31.9,23.4,0,0,263,0.3359375
"304",0,0,1,0,0,0,0,0,0,0,0,0,0,0,0,1,0,0,0,2021,48.9,32.1,0,0,322,0.56640625
"305",0,0,1,0,0,0,0,0,0,0,0,0,0,0,0,1,0,0,0,2021,43.5,31.2,0,0,256,0.30859375
"306",0,0,0,0,0,0,0,0,0,0,0,1,0,0,0,1,0,0,0,2021,71.4,61.8,0,0,337,0.625
"307",0,0,0,0,0,0,0,0,0,0,1,0,0,0,0,1,0,0,0,2023,57.7,50.2,0.01,0,282,0.612121212121212
"308",0,0,0,0,1,0,0,0,0,0,0,0,0,0,0,1,0,0,0,2023,37.3,30.8,0.01,0,256,0.454545454545455
"309",0,0,0,0,0,1,0,0,0,0,0,0,0,0,0,1,0,0,0,2023,68.9,68,0.01,1,229,0.290909090909091
"310",0,0,0,0,0,1,0,0,0,0,0,0,0,0,0,0,1,0,0,2022,77.1,71.4,0,0,290,0.536312849162011
"311",1,0,0,0,0,0,0,0,0,0,0,0,0,0,0,0,1,0,0,2022,55.2,47.3,0.01,0,314,0.670391061452514
"312",0,0,0,0,1,0,0,0,0,0,0,0,0,0,0,0,1,0,0,2022,30,18.8,0,0,250,0.312849162011173
"313",0,0,0,0,0,0,0,0,0,1,0,0,0,0,0,0,1,0,0,2022,61.1,53.1,0.34,0,322,0.715083798882682
"314",0,0,0,0,0,0,0,1,0,0,0,0,0,0,0,0,1,0,0,2022,41,24.3,0,0,273,0.441340782122905
"315",0,0,0,0,0,0,0,1,0,0,0,0,0,0,0,0,1,0,0,2023,38.2,29.7,0.23,0,284,0.624242424242424
"316",0,0,0,0,0,0,0,0,0,0,0,1,0,0,0,0,1,0,0,2023,69.2,68.3,0,1,260,0.478787878787879
"317",0,0,0,0,0,0,0,0,0,0,0,1,0,0,0,0,1,0,0,2022,70.3,63.9,0.03,0,261,0.374301675977654
"318",0,1,0,0,0,0,0,0,0,0,0,0,0,0,0,0,1,0,0,2022,77.7,72.5,0,0,324,0.726256983240223
"319",0,0,0,1,0,0,0,0,0,0,0,0,0,0,0,0,1,0,0,2022,49.5,47,0.3,0,253,0.329608938547486
"320",0,0,0,0,0,0,0,0,0,1,0,0,0,0,0,0,1,0,0,2021,37.1,18.9,0,0,368,0.74609375
"321",0,0,1,0,0,0,0,0,0,0,0,0,0,0,0,0,1,0,0,2021,43.6,33.3,0.07,0,266,0.34765625
"322",0,0,0,0,0,0,0,0,0,1,0,0,0,0,0,0,1,0,0,2021,50,37.5,0.24,0,321,0.5625
"323",0,0,0,0,0,0,0,1,0,0,0,0,0,0,0,0,1,0,0,2021,47.2,45.6,0,0,268,0.35546875
"324",0,0,0,0,0,0,0,1,0,0,0,0,0,0,0,0,1,0,0,2021,39.7,33.9,0,0,224,0.18359375
"325",0,0,0,0,0,0,0,1,0,0,0,0,0,0,0,0,1,0,0,2021,38.2,26,0,0,244,0.26171875
"326",0,0,0,0,0,0,0,0,0,0,1,0,0,0,0,0,1,0,0,2021,64.8,50.2,0,0,365,0.734375
"327",0,0,0,0,0,1,0,0,0,0,0,0,0,0,0,0,1,0,0,2021,69.1,67.3,0,1,331,0.6015625
"328",0,0,0,0,0,0,1,0,0,0,0,0,0,0,0,0,1,0,0,2022,63.9,61.4,0.12,1,311,0.653631284916201
"329",0,1,0,0,0,0,0,0,0,0,0,0,0,0,0,0,1,0,0,2022,76.5,72.6,0.02,0,262,0.379888268156425
"330",0,0,0,0,0,1,0,0,0,0,0,0,0,0,0,0,1,0,0,2022,75.4,69.8,0,0,307,0.631284916201117
"331",0,0,0,0,0,0,0,0,0,1,0,0,0,0,0,0,1,0,0,2022,49.4,45.6,0,0,279,0.474860335195531
"332",0,0,1,0,0,0,0,0,0,0,0,0,0,0,0,0,1,0,0,2022,38.1,30.1,0,0,268,0.41340782122905
"333",0,0,0,0,0,0,0,0,1,0,0,0,0,0,0,0,1,0,0,2022,53.6,41.6,0,0,304,0.614525139664804
"334",0,0,0,0,0,0,0,0,0,0,1,0,0,0,0,0,1,0,0,2022,68.3,67,0.6,1,266,0.402234636871508
"335",0,0,1,0,0,0,0,0,0,0,0,0,0,0,0,0,1,0,0,2023,36.5,29.5,0.04,0,222,0.248484848484848
"336",1,0,0,0,0,0,0,0,0,0,0,0,0,0,0,0,1,0,0,2023,47.5,44.9,0.19,0,276,0.575757575757576
"337",0,0,0,0,0,1,0,0,0,0,0,0,0,0,0,0,1,0,0,2023,71.9,69.7,0.01,1,228,0.284848484848485
"338",0,0,0,0,0,0,1,0,0,0,0,0,0,0,0,0,1,0,0,2023,66.8,65.8,0.53,1,241,0.363636363636364
"339",0,0,0,0,0,0,1,0,0,0,0,0,0,0,0,0,1,0,0,2023,58.2,51.2,0.02,0,259,0.472727272727273
"340",0,0,1,0,0,0,0,0,0,0,0,0,0,0,0,0,1,0,0,2023,39.1,30.8,0,0,283,0.618181818181818
"341",0,0,0,1,0,0,0,0,0,0,0,0,0,0,0,0,1,0,0,2023,40.4,30.2,0.25,0,214,0.2
"342",0,0,0,1,0,0,0,0,0,0,0,0,0,0,0,0,1,0,0,2023,41.2,37.7,0,0,264,0.503030303030303
"343",0,0,0,0,1,0,0,0,0,0,0,0,0,0,0,0,1,0,0,2021,37.4,31.2,0.01,0,220,0.16796875
"344",0,1,0,0,0,0,0,0,0,0,0,0,0,0,0,0,1,0,0,2021,78.2,71.3,0,0,336,0.62109375
"345",1,0,0,0,0,0,0,0,0,0,0,0,0,0,0,0,1,0,0,2021,53.4,48.6,0,0,283,0.4140625
"346",0,0,1,0,0,0,0,0,0,0,0,0,0,0,0,0,1,0,0,2022,38.3,27.4,0,0,221,0.150837988826816
"347",0,0,0,1,0,0,0,0,0,0,0,0,0,0,0,0,1,0,0,2022,41.5,36.7,0,0,268,0.41340782122905
"348",0,0,0,0,0,0,1,0,0,0,0,0,0,0,0,0,1,0,0,2022,66.8,62.2,0.04,1,304,0.614525139664804
"349",0,0,0,0,0,1,0,0,0,0,0,0,0,0,0,0,1,0,0,2022,73.2,67.1,0.03,0,290,0.536312849162011
"350",0,0,0,1,0,0,0,0,0,0,0,0,0,0,0,0,1,0,0,2022,36.3,24.3,0.01,0,272,0.435754189944134
"351",0,0,0,0,0,0,0,0,0,0,1,0,0,0,0,0,1,0,0,2022,61.8,56.8,0,0,315,0.675977653631285
"352",0,0,0,0,0,1,0,0,0,0,0,0,0,0,0,0,1,0,0,2022,74.7,64.5,0.04,0,287,0.519553072625698
"353",0,0,0,0,0,0,0,0,0,1,0,0,0,0,0,0,1,0,0,2022,54.6,49.7,0.46,0,303,0.608938547486033
"354",0,0,0,0,0,0,0,0,1,0,0,0,0,0,0,0,1,0,0,2022,49.1,45.8,0.16,1,300,0.592178770949721
"355",0,1,0,0,0,0,0,0,0,0,0,0,0,0,0,0,1,0,0,2022,76,72,0,1,293,0.553072625698324
"356",0,0,0,0,0,0,1,0,0,0,0,0,0,0,0,0,1,0,0,2022,62.5,56.6,0,0,265,0.396648044692737
"357",0,0,0,0,0,0,0,0,0,0,0,1,0,0,0,0,1,0,0,2022,64.7,59,0,0,335,0.787709497206704
"358",0,0,1,0,0,0,0,0,0,0,0,0,0,0,0,0,1,0,0,2023,44,32.5,0,0,264,0.503030303030303
"359",0,0,0,0,0,0,0,0,1,0,0,0,0,0,0,0,1,0,0,2023,50.8,45.5,0.04,0,262,0.490909090909091
"360",0,0,0,0,0,0,0,0,1,0,0,0,0,0,0,0,1,0,0,2023,51.4,41.3,0,0,267,0.521212121212121
"361",0,0,0,0,0,0,0,1,0,0,0,0,0,0,0,0,1,0,0,2023,42.8,37.1,0,0,221,0.242424242424242
"362",0,0,0,0,0,1,0,0,0,0,0,0,0,0,0,0,1,0,0,2023,68.6,67.9,0,1,278,0.587878787878788
"363",0,0,0,0,0,0,0,1,0,0,0,0,0,0,0,0,1,0,0,2023,39.8,30.4,0,0,274,0.563636363636364
"364",0,0,0,0,0,0,0,0,1,0,0,0,0,0,0,0,1,0,0,2023,55.8,51.1,0,0,266,0.515151515151515
"365",0,1,0,0,0,0,0,0,0,0,0,0,0,0,0,0,1,0,0,2023,66.7,57.6,0,0,255,0.448484848484848
"366",0,0,0,0,0,0,0,0,0,1,0,0,0,0,0,0,1,0,0,2022,50.2,33.8,0,0,297,0.575418994413408
"367",0,0,0,0,0,0,1,0,0,0,0,0,0,0,0,0,1,0,0,2022,57.9,50.6,0.04,0,312,0.659217877094972
"368",0,0,0,0,1,0,0,0,0,0,0,0,0,0,0,0,1,0,0,2022,35.5,20.7,0,0,255,0.340782122905028
"369",0,0,0,0,0,0,0,0,1,0,0,0,0,0,0,0,1,0,0,2022,52.1,49,0.01,1,251,0.318435754189944
"370",0,0,0,0,1,0,0,0,0,0,0,0,0,0,0,0,1,0,0,2021,34.7,25.5,0.01,0,253,0.296875
"371",0,0,1,0,0,0,0,0,0,0,0,0,0,0,0,0,1,0,0,2021,42.2,29.5,0,0,285,0.421875
"372",0,0,1,0,0,0,0,0,0,0,0,0,0,0,0,0,1,0,0,2021,43.9,36.4,0.01,0,192,0.05859375
"373",1,0,0,0,0,0,0,0,0,0,0,0,0,0,0,0,1,0,0,2021,52.5,44.4,0.04,1,380,0.79296875
"374",0,0,0,0,1,0,0,0,0,0,0,0,0,0,0,0,1,0,0,2022,31.3,15.1,0,0,266,0.402234636871508
"375",0,0,0,0,0,0,0,1,0,0,0,0,0,0,0,0,1,0,0,2022,38.5,29.4,0,0,286,0.513966480446927
"376",0,0,1,0,0,0,0,0,0,0,0,0,0,0,0,0,1,0,0,2022,36.1,20.7,0,0,261,0.374301675977654
"377",0,0,1,0,0,0,0,0,0,0,0,0,0,0,0,0,1,0,0,2022,53.6,51.3,0.15,0,298,0.581005586592179
"378",1,0,0,0,0,0,0,0,0,0,0,0,0,0,0,0,1,0,0,2022,49.7,34.5,0,0,283,0.497206703910615
"379",0,1,0,0,0,0,0,0,0,0,0,0,0,0,0,0,1,0,0,2023,69.6,69.6,0.01,1,258,0.466666666666667
"380",0,0,0,0,0,0,1,0,0,0,0,0,0,0,0,0,1,0,0,2023,58.8,53.2,0,0,268,0.527272727272727
"381",0,0,0,0,1,0,0,0,0,0,0,0,0,0,0,0,1,0,0,2023,36.9,27.8,0,0,256,0.454545454545455
"382",0,0,0,0,0,0,0,0,0,0,0,1,0,0,0,0,1,0,0,2021,69.4,64.2,0,0,289,0.4375
"383",0,0,0,0,0,0,1,0,0,0,0,0,0,0,0,0,1,0,0,2021,68.9,64.6,0,1,353,0.6875
"384",0,1,0,0,0,0,0,0,0,0,0,0,0,0,0,0,1,0,0,2021,68.4,63.7,0,0,291,0.4453125
"385",0,0,0,0,0,0,0,0,1,0,0,0,0,0,0,0,1,0,0,2023,48.2,44.4,0,1,274,0.563636363636364
"386",0,0,0,0,0,0,0,0,0,1,0,0,0,0,0,0,1,0,0,2023,48.1,34,0,0,267,0.521212121212121
"387",0,0,0,0,0,0,1,0,0,0,0,0,0,0,0,0,1,0,0,2023,62.6,58.5,0,0,289,0.654545454545455
"388",0,0,0,0,0,1,0,0,0,0,0,0,0,0,0,0,1,0,0,2023,73.1,69.4,0,0,269,0.533333333333333
"389",0,0,0,0,0,0,0,0,0,0,1,0,0,0,0,0,1,0,0,2021,61.4,55.4,0,1,312,0.52734375
"390",1,0,0,0,0,0,0,0,0,0,0,0,0,0,0,0,1,0,0,2022,52,43.3,0.03,0,296,0.569832402234637
"391",0,0,0,0,0,0,0,0,1,0,0,0,0,0,0,0,1,0,0,2022,59.2,45.4,0,0,336,0.793296089385475
"392",1,0,0,0,0,0,0,0,0,0,0,0,0,0,0,0,1,0,0,2022,46.9,44.3,0.31,0,253,0.329608938547486
"393",0,0,0,0,0,0,0,1,0,0,0,0,0,0,0,0,1,0,0,2022,44.1,34.3,0.07,0,246,0.290502793296089
"394",0,1,0,0,0,0,0,0,0,0,0,0,0,0,0,0,1,0,0,2022,70.2,62.5,0.08,0,261,0.374301675977654
"395",0,0,0,0,0,0,0,0,0,0,1,0,0,0,0,0,1,0,0,2022,63.2,62.1,0.48,1,244,0.279329608938547
"396",0,0,0,0,0,0,0,1,0,0,0,0,0,0,0,0,1,0,0,2022,38.1,14.3,0,0,285,0.508379888268156
"397",0,0,0,0,0,0,0,1,0,0,0,0,0,0,0,0,1,0,0,2022,45.7,39.5,0,1,311,0.653631284916201
"398",0,1,0,0,0,0,0,0,0,0,0,0,0,0,0,0,1,0,0,2022,75.2,71,0,0,231,0.206703910614525
"399",1,0,0,0,0,0,0,0,0,0,0,0,0,0,0,0,1,0,0,2021,50.2,43.4,0,0,303,0.4921875
"400",0,0,1,0,0,0,0,0,0,0,0,0,0,0,0,0,1,0,0,2021,39.9,29.5,0.16,0,287,0.4296875
"401",0,0,0,0,0,0,1,0,0,0,0,0,0,0,0,0,1,0,0,2021,67.9,58.6,0,0,370,0.75390625
"402",0,0,0,0,0,0,0,0,1,0,0,0,0,0,0,0,1,0,0,2021,48.8,47.2,0.02,1,339,0.6328125
"403",0,1,0,0,0,0,0,0,0,0,0,0,0,0,0,0,1,0,0,2021,73.1,65.6,0,0,334,0.61328125
"404",0,0,0,0,0,0,0,0,0,0,0,1,0,0,0,0,1,0,0,2021,72.7,66.4,0,0,334,0.61328125
"405",0,0,0,0,0,0,0,0,1,0,0,0,0,0,0,0,1,0,0,2021,62.9,48.6,0,0,347,0.6640625
"406",1,0,0,0,0,0,0,0,0,0,0,0,0,0,0,0,1,0,0,2023,56.7,40.9,0,0,234,0.321212121212121
"407",0,0,0,0,0,0,0,0,0,0,0,1,0,0,0,0,1,0,0,2023,56.7,48.7,0,0,293,0.678787878787879
"408",0,0,0,0,0,0,0,0,0,1,0,0,0,0,0,0,1,0,0,2021,56.5,51,0,1,346,0.66015625
"409",0,0,0,0,0,0,0,0,0,0,0,1,0,0,0,0,1,0,0,2021,65.4,55.5,0,0,343,0.6484375
"410",0,0,0,1,0,0,0,0,0,0,0,0,0,0,0,0,1,0,0,2021,29.4,23.4,0.36,0,279,0.3984375
"411",0,0,0,0,0,0,1,0,0,0,0,0,0,0,0,0,1,0,0,2021,65.9,56.1,0.22,0,353,0.6875
"412",0,0,0,1,0,0,0,0,0,0,0,0,0,0,0,0,1,0,0,2021,39.9,34.1,0,0,267,0.3515625
"413",0,0,0,0,0,1,0,0,0,0,0,0,0,0,0,0,1,0,0,2021,74.2,70.7,0,1,330,0.59765625
"414",0,0,0,0,1,0,0,0,0,0,0,0,0,0,0,0,1,0,0,2021,35.8,25.2,0,0,245,0.265625
"415",0,0,0,1,0,0,0,0,0,0,0,0,0,0,0,0,1,0,0,2023,40.8,33.6,0.05,0,237,0.339393939393939
"416",0,0,0,0,0,0,0,0,0,0,0,1,0,0,0,0,1,0,0,2021,72.5,68.1,0,0,356,0.69921875
"417",0,0,0,0,0,0,0,0,1,0,0,0,0,0,0,0,1,0,0,2021,61.2,58.6,0,1,333,0.609375
"418",0,0,0,1,0,0,0,0,0,0,0,0,0,0,0,0,1,0,0,2021,32.6,21.3,0.17,0,239,0.2421875
"419",0,0,0,0,0,1,0,0,0,0,0,0,0,0,0,0,1,0,0,2021,72.1,64.8,0,0,300,0.48046875
"420",0,0,0,0,0,0,1,0,0,0,0,0,0,0,0,0,1,0,0,2022,66,57.5,0,0,361,0.932960893854749
"421",0,0,0,0,0,0,0,0,0,0,1,0,0,0,0,0,1,0,0,2022,57.1,42.9,0,0,286,0.513966480446927
"422",0,0,0,1,0,0,0,0,0,0,0,0,0,0,0,0,1,0,0,2022,30.5,18,0,0,278,0.46927374301676
"423",0,0,0,0,0,0,0,0,0,1,0,0,0,0,0,0,1,0,0,2022,49,34.3,0,0,259,0.363128491620112
"424",0,0,0,0,1,0,0,0,0,0,0,0,0,0,0,0,1,0,0,2022,45.9,38.5,0,0,306,0.625698324022346
"425",0,0,0,0,0,0,0,0,0,0,0,1,0,0,0,0,1,0,0,2022,64.8,54.1,0,0,284,0.502793296089385
"426",0,0,0,0,0,0,0,0,0,0,0,1,0,0,0,0,1,0,0,2022,73,65.4,0,0,308,0.636871508379888
"427",0,0,0,0,0,0,0,0,1,0,0,0,0,0,0,0,1,0,0,2023,54.2,43.3,0,0,330,0.903030303030303
"428",0,1,0,0,0,0,0,0,0,0,0,0,0,0,0,0,1,0,0,2023,66.6,65.1,0.24,1,261,0.484848484848485
"429",0,0,0,0,0,0,0,0,0,1,0,0,0,0,0,0,1,0,0,2023,45.1,36.6,0.01,0,273,0.557575757575758
"430",0,0,0,0,0,0,0,0,0,1,0,0,0,0,0,0,1,0,0,2023,34.1,17.7,0,0,239,0.351515151515152
"431",0,0,0,0,0,0,0,0,0,0,0,1,0,0,0,0,1,0,0,2021,73.4,67.5,0,0,319,0.5546875
"432",0,0,0,0,1,0,0,0,0,0,0,0,0,0,0,0,1,0,0,2021,34.6,33.8,0.25,0,262,0.33203125
"433",0,0,0,1,0,0,0,0,0,0,0,0,0,0,0,0,1,0,0,2021,34.1,31.9,0.01,0,246,0.26953125
"434",0,1,0,0,0,0,0,0,0,0,0,0,0,0,0,0,1,0,0,2021,75.3,72.8,0,1,316,0.54296875
"435",0,0,0,0,0,1,0,0,0,0,0,0,0,0,0,0,1,0,0,2023,73,68.5,0,0,281,0.606060606060606
"436",0,0,0,0,0,0,0,0,0,1,0,0,0,0,0,0,1,0,0,2023,48.4,45,0.26,1,295,0.690909090909091
"437",0,0,0,0,0,0,0,0,0,0,1,0,0,0,0,0,1,0,0,2021,58.9,55.2,1.44,0,323,0.5703125
"438",0,0,0,0,0,0,0,1,0,0,0,0,0,0,0,0,1,0,0,2021,38.5,29.9,0,0,243,0.2578125
"439",1,0,0,0,0,0,0,0,0,0,0,0,0,0,0,0,1,0,0,2021,46.1,37.9,0,0,295,0.4609375
"440",0,0,0,0,0,0,0,0,0,0,1,0,0,0,0,0,1,0,0,2021,64.2,55.5,0.28,0,270,0.36328125
"441",0,0,0,0,0,0,0,0,0,0,0,1,0,0,0,0,1,0,0,2023,62.2,56.7,0,0,286,0.636363636363636
"442",0,0,1,0,0,0,0,0,0,0,0,0,0,0,0,0,1,0,0,2023,45.9,45.2,0,1,234,0.321212121212121
"443",0,0,0,0,0,0,0,0,0,0,1,0,0,0,0,0,1,0,0,2023,59.5,55.4,0,0,291,0.666666666666667
"444",0,1,0,0,0,0,0,0,0,0,0,0,0,0,0,0,1,0,0,2023,64.3,53.7,0,0,222,0.248484848484848
"445",0,0,0,0,1,0,0,0,0,0,0,0,0,0,0,0,1,0,0,2023,44.4,38.3,0,0,258,0.466666666666667
"446",0,0,0,0,0,0,0,0,0,0,0,1,0,0,0,0,1,0,0,2023,73.2,67.5,0,0,292,0.672727272727273
"447",0,0,0,0,0,0,0,0,0,1,0,0,0,0,0,0,1,0,0,2023,43.9,35.9,0.06,0,257,0.460606060606061
"448",0,0,0,0,0,0,0,1,0,0,0,0,0,0,0,0,1,0,0,2023,38.9,32,0.01,0,311,0.787878787878788
"449",0,0,0,0,0,0,0,0,0,0,1,0,0,0,0,0,1,0,0,2023,64.8,62.5,0,0,284,0.624242424242424
"450",1,0,0,0,0,0,0,0,0,0,0,0,0,0,0,0,1,0,0,2023,46.9,40.9,0,0,285,0.63030303030303
"451",1,0,0,0,0,0,0,0,0,0,0,0,0,0,0,0,1,0,0,2023,48.2,35.8,0,0,273,0.557575757575758
"452",0,0,0,0,0,0,0,0,0,0,1,0,0,0,0,0,1,0,0,2023,53.4,49.6,0.02,0,252,0.43030303030303
"453",0,0,0,0,0,0,0,0,1,0,0,0,0,0,0,0,1,0,0,2021,53.1,39.1,0,0,330,0.59765625
"454",0,0,0,0,0,0,1,0,0,0,0,0,0,0,0,0,1,0,0,2021,73.5,69.5,0,0,362,0.72265625
"455",0,0,0,0,0,0,1,0,0,0,0,0,0,0,0,0,1,0,0,2021,60.4,54,0,0,339,0.6328125
"456",0,0,0,0,0,1,0,0,0,0,0,0,0,0,0,0,1,0,0,2021,73.7,68.3,0,0,324,0.57421875
"457",0,0,0,1,0,0,0,0,0,0,0,0,0,0,0,0,1,0,0,2023,30.8,21.4,0.02,0,256,0.454545454545455
"458",0,0,0,0,0,0,0,0,0,0,1,0,0,0,0,0,1,0,0,2023,56.6,52.8,0,1,280,0.6
"459",0,0,0,0,0,0,0,1,0,0,0,0,0,0,0,0,1,0,0,2023,36.6,28.4,0,0,236,0.333333333333333
"460",0,0,0,0,0,0,0,1,0,0,0,0,0,0,0,0,1,0,0,2021,51.3,48.1,0,0,284,0.41796875
"461",0,0,1,0,0,0,0,0,0,0,0,0,0,0,0,0,1,0,0,2021,50,44.7,0,0,278,0.39453125
"462",0,0,0,0,0,0,0,0,0,1,0,0,0,0,0,0,1,0,0,2021,46.5,29.5,0,0,317,0.546875
"463",0,0,0,0,1,0,0,0,0,0,0,0,0,0,0,0,1,0,0,2023,37.5,26.5,0,0,216,0.212121212121212
"464",0,0,0,0,1,0,0,0,0,0,0,0,0,0,0,0,1,0,0,2023,52.4,50.6,0.23,1,251,0.424242424242424
"465",0,1,0,0,0,0,0,0,0,0,0,0,0,0,0,0,1,0,0,2023,71.8,65.1,0.03,0,261,0.484848484848485
"466",0,0,0,0,0,0,0,1,0,0,0,0,0,0,0,0,0,1,0,2022,49.2,42.6,0,0,282,0.491620111731844
"467",0,1,0,0,0,0,0,0,0,0,0,0,0,0,0,0,0,1,0,2022,72.5,62.7,0.01,0,283,0.497206703910615
"468",0,1,0,0,0,0,0,0,0,0,0,0,0,0,0,0,0,1,0,2023,65.7,65.1,0.07,0,202,0.127272727272727
"469",0,0,0,1,0,0,0,0,0,0,0,0,0,0,0,0,0,1,0,2022,42.3,37.9,0,0,302,0.603351955307263
"470",0,0,0,0,0,0,1,0,0,0,0,0,0,0,0,0,0,1,0,2022,60.9,55.5,0,0,302,0.603351955307263
"471",0,0,1,0,0,0,0,0,0,0,0,0,0,0,0,0,0,1,0,2022,47.1,30.6,0.85,0,291,0.541899441340782
"472",0,0,0,0,0,0,0,0,0,0,0,1,0,0,0,0,0,1,0,2022,69.2,65.5,0,0,279,0.474860335195531
"473",0,0,0,0,0,0,0,1,0,0,0,0,0,0,0,0,0,1,0,2022,43.7,39.1,0.52,1,266,0.402234636871508
"474",0,0,0,0,0,0,1,0,0,0,0,0,0,0,0,0,0,1,0,2021,68.4,53.3,0,0,370,0.75390625
"475",0,0,0,0,1,0,0,0,0,0,0,0,0,0,0,0,0,1,0,2021,35.3,34.5,0.02,0,262,0.33203125
"476",0,0,0,0,0,0,0,0,0,0,0,1,0,0,0,0,0,1,0,2021,71.1,65.2,0,0,365,0.734375
"477",0,0,0,0,0,0,0,0,0,1,0,0,0,0,0,0,0,1,0,2021,46.5,28.8,0,0,217,0.15625
"478",0,0,0,0,0,0,0,0,0,1,0,0,0,0,0,0,0,1,0,2021,49.9,38.4,0,0,293,0.453125
"479",0,0,0,0,0,0,0,0,0,0,0,1,0,0,0,0,0,1,0,2021,73.3,68.5,0,0,319,0.5546875
"480",1,0,0,0,0,0,0,0,0,0,0,0,0,0,0,0,0,1,0,2022,49.3,41,0.2,0,283,0.497206703910615
"481",0,0,1,0,0,0,0,0,0,0,0,0,0,0,0,0,0,1,0,2022,43.6,36.1,0,0,335,0.787709497206704
"482",0,0,0,0,0,0,0,0,0,0,0,1,0,0,0,0,0,1,0,2022,75.4,63.4,0.03,0,302,0.603351955307263
"483",0,0,0,0,1,0,0,0,0,0,0,0,0,0,0,0,0,1,0,2022,42.7,36.8,0,0,246,0.290502793296089
"484",0,0,0,0,0,0,0,0,1,0,0,0,0,0,0,0,0,1,0,2022,55.6,48.8,1.58,1,352,0.88268156424581
"485",0,0,0,0,0,0,0,0,0,1,0,0,0,0,0,0,0,1,0,2023,46.6,41.2,0.15,0,197,0.096969696969697
"486",0,0,0,0,0,0,0,1,0,0,0,0,0,0,0,0,0,1,0,2023,40.9,32.1,0,0,297,0.703030303030303
"487",0,0,0,0,0,0,0,0,0,1,0,0,0,0,0,0,0,1,0,2023,41.6,29.4,0,0,271,0.545454545454545
"488",1,0,0,0,0,0,0,0,0,0,0,0,0,0,0,0,0,1,0,2023,50.8,49.5,0.02,1,226,0.272727272727273
"489",0,0,0,0,0,0,0,0,0,0,1,0,0,0,0,0,0,1,0,2023,58.5,55.6,0,0,274,0.563636363636364
"490",0,0,0,0,0,0,1,0,0,0,0,0,0,0,0,0,0,1,0,2023,58.5,54.9,0,0,230,0.296969696969697
"491",0,0,0,0,0,0,0,0,0,0,1,0,0,0,0,0,0,1,0,2023,61.3,60.6,0,1,290,0.660606060606061
"492",0,0,0,0,0,0,0,0,1,0,0,0,0,0,0,0,0,1,0,2021,54.3,44.9,0.01,0,339,0.6328125
"493",0,0,1,0,0,0,0,0,0,0,0,0,0,0,0,0,0,1,0,2021,35,14.6,0.22,0,302,0.48828125
"494",0,0,0,0,0,0,0,0,0,0,0,1,0,0,0,0,0,1,0,2021,71.6,68.4,0,0,269,0.359375
"495",0,0,0,0,0,0,0,0,0,1,0,0,0,0,0,0,0,1,0,2021,58.7,53.1,0,0,351,0.6796875
"496",0,0,0,0,0,1,0,0,0,0,0,0,0,0,0,0,0,1,0,2021,72.6,70.6,0,1,372,0.76171875
"497",0,0,0,0,0,0,0,0,0,0,1,0,0,0,0,0,0,1,0,2021,64.8,60.3,0,1,353,0.6875
"498",0,0,0,0,1,0,0,0,0,0,0,0,0,0,0,0,0,1,0,2021,36.5,26.1,0,0,285,0.421875
"499",0,0,1,0,0,0,0,0,0,0,0,0,0,0,0,0,0,1,0,2022,51.4,40.1,0.58,1,286,0.513966480446927
"500",0,0,0,0,0,0,0,0,1,0,0,0,0,0,0,0,0,1,0,2022,53,50.5,0.03,1,308,0.636871508379888
"501",0,0,1,0,0,0,0,0,0,0,0,0,0,0,0,0,0,1,0,2022,46.2,40.6,0,0,203,0.0502793296089385
"502",0,0,0,0,0,0,0,0,0,0,0,1,0,0,0,0,0,1,0,2022,68.7,61.8,0,0,301,0.597765363128492
"503",1,0,0,0,0,0,0,0,0,0,0,0,0,0,0,0,0,1,0,2022,48.5,28,0,0,348,0.860335195530726
"504",0,0,0,0,0,0,0,0,0,0,0,1,0,0,0,0,0,1,0,2022,69,55.3,0,0,333,0.776536312849162
"505",0,1,0,0,0,0,0,0,0,0,0,0,0,0,0,0,0,1,0,2022,76.1,72.2,0,1,277,0.463687150837989
"506",0,0,0,0,0,0,0,0,1,0,0,0,0,0,0,0,0,1,0,2022,53.9,50.7,0,0,321,0.709497206703911
"507",0,0,0,0,0,0,0,1,0,0,0,0,0,0,0,0,0,1,0,2022,46.1,43.7,0,0,279,0.474860335195531
"508",0,0,0,0,0,1,0,0,0,0,0,0,0,0,0,0,0,1,0,2022,74.5,70.5,0,0,298,0.581005586592179
"509",0,0,0,0,0,0,0,0,1,0,0,0,0,0,0,0,0,1,0,2022,54.7,47.7,0,0,310,0.64804469273743
"510",0,0,0,0,0,1,0,0,0,0,0,0,0,0,0,0,0,1,0,2022,71.8,69.1,0,1,271,0.430167597765363
"511",0,0,1,0,0,0,0,0,0,0,0,0,0,0,0,0,0,1,0,2023,31.6,21.7,0,0,269,0.533333333333333
"512",0,0,0,0,0,0,0,1,0,0,0,0,0,0,0,0,0,1,0,2023,39.4,22.2,0,0,293,0.678787878787879
"513",0,0,0,0,0,0,0,0,0,1,0,0,0,0,0,0,0,1,0,2023,52.5,46,0,0,281,0.606060606060606
"514",0,0,0,0,0,0,0,0,0,0,0,1,0,0,0,0,0,1,0,2023,61.5,56.3,0,0,282,0.612121212121212
"515",0,1,0,0,0,0,0,0,0,0,0,0,0,0,0,0,0,1,0,2023,71.1,66.6,0,0,291,0.666666666666667
"516",0,0,0,0,0,1,0,0,0,0,0,0,0,0,0,0,0,1,0,2023,71.2,69.4,0,1,283,0.618181818181818
"517",0,0,0,0,1,0,0,0,0,0,0,0,0,0,0,0,0,1,0,2023,47.6,43.3,0.85,0,256,0.454545454545455
"518",0,0,0,0,0,0,0,0,0,1,0,0,0,0,0,0,0,1,0,2023,42,32.6,0.06,0,232,0.309090909090909
"519",1,0,0,0,0,0,0,0,0,0,0,0,0,0,0,0,0,1,0,2022,47.7,41.6,0,0,237,0.240223463687151
"520",0,0,0,0,0,0,1,0,0,0,0,0,0,0,0,0,0,1,0,2022,70.6,60.9,0,1,322,0.715083798882682
"521",0,0,0,0,0,0,0,0,1,0,0,0,0,0,0,0,0,1,0,2021,55.1,42.8,0,0,318,0.55078125
"522",0,0,0,0,0,0,1,0,0,0,0,0,0,0,0,0,0,1,0,2021,63.4,52.7,0,0,384,0.80859375
"523",0,0,0,1,0,0,0,0,0,0,0,0,0,0,0,0,0,1,0,2021,42.9,31.8,0,0,269,0.359375
"524",0,1,0,0,0,0,0,0,0,0,0,0,0,0,0,0,0,1,0,2022,75.6,74,0,1,299,0.58659217877095
"525",0,0,0,0,0,0,0,0,0,1,0,0,0,0,0,0,0,1,0,2022,54.3,47.6,0,0,318,0.692737430167598
"526",0,0,0,0,0,0,0,1,0,0,0,0,0,0,0,0,0,1,0,2022,40.3,35.6,0.24,0,268,0.41340782122905
"527",0,0,0,0,0,0,0,0,0,0,1,0,0,0,0,0,0,1,0,2022,61.7,60.3,0.22,1,336,0.793296089385475
"528",0,0,0,1,0,0,0,0,0,0,0,0,0,0,0,0,0,1,0,2022,48.9,44.9,0,0,267,0.407821229050279
"529",0,0,0,0,0,0,0,1,0,0,0,0,0,0,0,0,0,1,0,2022,40.8,29.5,0.11,0,318,0.692737430167598
"530",0,0,0,0,1,0,0,0,0,0,0,0,0,0,0,0,0,1,0,2022,25.5,12.9,0,0,272,0.435754189944134
"531",0,0,0,0,1,0,0,0,0,0,0,0,0,0,0,0,0,1,0,2022,45.9,37.8,0.68,0,233,0.217877094972067
"532",0,0,0,0,0,0,0,0,0,1,0,0,0,0,0,0,0,1,0,2022,46.9,34.6,0.01,0,290,0.536312849162011
"533",0,0,0,0,0,0,0,0,0,0,1,0,0,0,0,0,0,1,0,2022,65.6,59,2.14,1,315,0.675977653631285
"534",0,0,0,0,0,1,0,0,0,0,0,0,0,0,0,0,0,1,0,2022,74.5,73,0,1,297,0.575418994413408
"535",0,0,0,0,0,1,0,0,0,0,0,0,0,0,0,0,0,1,0,2023,72.8,71.1,0,0,242,0.36969696969697
"536",0,0,0,0,1,0,0,0,0,0,0,0,0,0,0,0,0,1,0,2023,40.7,34.1,0,0,298,0.709090909090909
"537",1,0,0,0,0,0,0,0,0,0,0,0,0,0,0,0,0,1,0,2023,44.1,38.1,0,0,237,0.339393939393939
"538",0,0,0,0,0,0,0,0,0,0,0,1,0,0,0,0,0,1,0,2021,73.8,69.5,0,0,294,0.45703125
"539",0,0,0,0,0,1,0,0,0,0,0,0,0,0,0,0,0,1,0,2023,68.1,67.2,0,1,263,0.496969696969697
"540",1,0,0,0,0,0,0,0,0,0,0,0,0,0,0,0,0,1,0,2023,47.3,32.9,0,0,287,0.642424242424242
"541",0,0,0,0,0,0,0,0,0,0,1,0,0,0,0,0,0,1,0,2021,65.3,60.5,0,0,371,0.7578125
"542",0,0,0,0,1,0,0,0,0,0,0,0,0,0,0,0,0,1,0,2021,41.3,35.5,0,0,253,0.296875
"543",0,0,0,0,0,0,0,0,1,0,0,0,0,0,0,0,0,1,0,2021,66.1,60.8,0.04,0,433,1
"544",0,0,0,1,0,0,0,0,0,0,0,0,0,0,0,0,0,1,0,2021,33.3,27.6,0,0,277,0.390625
"545",0,0,0,0,0,0,1,0,0,0,0,0,0,0,0,0,0,1,0,2022,64.5,57.9,0,0,298,0.581005586592179
"546",1,0,0,0,0,0,0,0,0,0,0,0,0,0,0,0,0,1,0,2022,54.3,50.6,0,1,331,0.76536312849162
"547",0,0,0,0,0,0,1,0,0,0,0,0,0,0,0,0,0,1,0,2022,64.7,63.6,0.7,1,317,0.687150837988827
"548",0,0,0,1,0,0,0,0,0,0,0,0,0,0,0,0,0,1,0,2022,44.3,42.8,0.05,1,248,0.301675977653631
"549",0,0,0,0,0,0,1,0,0,0,0,0,0,0,0,0,0,1,0,2022,60.9,55.8,0,1,317,0.687150837988827
"550",0,0,1,0,0,0,0,0,0,0,0,0,0,0,0,0,0,1,0,2021,47.4,42.1,0,0,223,0.1796875
"551",0,0,0,0,0,1,0,0,0,0,0,0,0,0,0,0,0,1,0,2021,73.1,61.8,0,0,329,0.59375
"552",0,0,0,0,0,0,0,0,0,0,0,1,0,0,0,0,0,1,0,2023,58.5,53.9,0,0,306,0.757575757575758
"553",0,0,0,0,0,0,0,0,1,0,0,0,0,0,0,0,0,1,0,2023,46.4,41.2,0,0,287,0.642424242424242
"554",0,0,0,0,0,0,1,0,0,0,0,0,0,0,0,0,0,1,0,2023,66.8,65.1,0.03,0,263,0.496969696969697
"555",0,0,0,0,0,0,0,1,0,0,0,0,0,0,0,0,0,1,0,2021,45.1,42.4,0,0,287,0.4296875
"556",0,0,0,0,0,0,0,0,1,0,0,0,0,0,0,0,0,1,0,2021,54.4,47.6,0,0,385,0.8125
"557",0,0,0,0,0,0,0,0,0,0,1,0,0,0,0,0,0,1,0,2021,60.8,53.7,0,0,368,0.74609375
"558",0,0,0,0,0,1,0,0,0,0,0,0,0,0,0,0,0,1,0,2023,71.7,68.4,0,0,283,0.618181818181818
"559",0,0,0,0,0,0,1,0,0,0,0,0,0,0,0,0,0,1,0,2021,59.2,57.4,0,1,288,0.43359375
"560",0,1,0,0,0,0,0,0,0,0,0,0,0,0,0,0,0,1,0,2021,75.9,72.6,0,1,324,0.57421875
"561",0,0,0,0,0,0,0,0,0,1,0,0,0,0,0,0,0,1,0,2021,48.5,33.9,0.02,0,317,0.546875
"562",0,0,1,0,0,0,0,0,0,0,0,0,0,0,0,0,0,1,0,2023,52.1,52,0,1,273,0.557575757575758
"563",0,1,0,0,0,0,0,0,0,0,0,0,0,0,0,0,0,1,0,2022,71.4,68.1,0.01,0,287,0.519553072625698
"564",0,0,0,0,0,0,0,0,0,1,0,0,0,0,0,0,0,1,0,2022,57.4,50.1,0,0,266,0.402234636871508
"565",0,0,0,0,0,0,0,0,0,0,0,1,0,0,0,0,0,1,0,2022,62.9,54.6,0,0,315,0.675977653631285
"566",0,0,0,0,1,0,0,0,0,0,0,0,0,0,0,0,0,1,0,2022,39.7,31.3,0,0,268,0.41340782122905
"567",0,0,0,0,0,1,0,0,0,0,0,0,0,0,0,0,0,1,0,2021,72.5,69.9,0,1,306,0.50390625
"568",1,0,0,0,0,0,0,0,0,0,0,0,0,0,0,0,0,1,0,2021,47,42.7,0,0,310,0.51953125
"569",0,1,0,0,0,0,0,0,0,0,0,0,0,0,0,0,0,1,0,2021,76.7,71.8,0,0,343,0.6484375
"570",0,0,0,1,0,0,0,0,0,0,0,0,0,0,0,0,0,1,0,2022,36,21.8,0.06,0,223,0.162011173184358
"571",0,0,0,0,0,0,0,0,0,0,1,0,0,0,0,0,0,1,0,2022,64.6,59.1,0,0,304,0.614525139664804
"572",0,0,0,0,0,1,0,0,0,0,0,0,0,0,0,0,0,1,0,2022,68,60.7,0.04,0,285,0.508379888268156
"573",0,0,0,0,0,0,0,0,0,0,1,0,0,0,0,0,0,1,0,2022,57,41.3,0,0,299,0.58659217877095
"574",0,0,1,0,0,0,0,0,0,0,0,0,0,0,0,0,0,1,0,2022,38.6,33.2,0,0,290,0.536312849162011
"575",0,0,0,0,0,0,0,0,0,0,0,1,0,0,0,0,0,1,0,2023,69.9,67.3,0,1,305,0.751515151515151
"576",0,0,0,1,0,0,0,0,0,0,0,0,0,0,0,0,0,1,0,2023,47.6,43.1,0,0,262,0.490909090909091
"577",0,0,0,1,0,0,0,0,0,0,0,0,0,0,0,0,0,1,0,2023,39.9,31.4,0,0,238,0.345454545454545
"578",0,0,0,0,0,0,0,0,0,0,1,0,0,0,0,0,0,1,0,2023,53.9,49.3,0,0,315,0.812121212121212
"579",0,0,0,0,1,0,0,0,0,0,0,0,0,0,0,0,0,1,0,2021,30.9,20.6,0,0,251,0.2890625
"580",0,0,0,1,0,0,0,0,0,0,0,0,0,0,0,0,0,1,0,2021,29.2,19.5,0,1,256,0.30859375
"581",0,0,0,0,0,0,0,0,0,0,1,0,0,0,0,0,0,1,0,2021,53.3,46.1,0.71,0,344,0.65234375
"582",0,0,1,0,0,0,0,0,0,0,0,0,0,0,0,0,0,1,0,2021,50.7,43.6,0,0,319,0.5546875
"583",0,0,0,0,0,0,0,1,0,0,0,0,0,0,0,0,0,1,0,2021,41.4,40.2,0,0,244,0.26171875
"584",1,0,0,0,0,0,0,0,0,0,0,0,0,0,0,0,0,1,0,2021,43,29,0.04,0,252,0.29296875
"585",0,0,1,0,0,0,0,0,0,0,0,0,0,0,0,0,0,1,0,2021,52.9,47.8,0,0,317,0.546875
"586",0,0,0,0,1,0,0,0,0,0,0,0,0,0,0,0,0,1,0,2023,49,48.3,0.16,1,235,0.327272727272727
"587",0,0,0,1,0,0,0,0,0,0,0,0,0,0,0,0,0,1,0,2023,28.2,17.2,0,0,263,0.496969696969697
"588",0,0,0,1,0,0,0,0,0,0,0,0,0,0,0,0,0,1,0,2023,38.7,36.2,0.14,0,215,0.206060606060606
"589",0,1,0,0,0,0,0,0,0,0,0,0,0,0,0,0,0,1,0,2023,66.8,57.6,0,0,311,0.787878787878788
"590",0,1,0,0,0,0,0,0,0,0,0,0,0,0,0,0,0,1,0,2023,64.4,57.3,0,0,261,0.484848484848485
"591",0,0,0,0,0,0,0,0,1,0,0,0,0,0,0,0,0,1,0,2023,57.5,48.1,0,0,289,0.654545454545455
"592",0,1,0,0,0,0,0,0,0,0,0,0,0,0,0,0,0,1,0,2023,62.1,54.9,0,0,236,0.333333333333333
"593",0,0,0,0,0,0,1,0,0,0,0,0,0,0,0,0,0,1,0,2023,62.1,58.3,0.18,0,284,0.624242424242424
"594",0,1,0,0,0,0,0,0,0,0,0,0,0,0,0,0,0,1,0,2021,72.3,69.6,0,0,304,0.49609375
"595",0,0,0,0,0,0,1,0,0,0,0,0,0,0,0,0,0,1,0,2021,64.9,53.3,0,1,388,0.82421875
"596",0,0,0,0,0,0,0,0,0,0,0,1,0,0,0,0,0,1,0,2021,60.6,47.6,0,0,344,0.65234375
"597",0,0,1,0,0,0,0,0,0,0,0,0,0,0,0,0,0,1,0,2021,39.3,28.8,0.04,0,283,0.4140625
"598",1,0,0,0,0,0,0,0,0,0,0,0,0,0,0,0,0,1,0,2021,43.8,37.3,0,0,270,0.36328125
"599",0,0,0,0,0,1,0,0,0,0,0,0,0,0,0,0,0,1,0,2021,73.9,69.8,0,1,319,0.5546875
"600",1,0,0,0,0,0,0,0,0,0,0,0,0,0,0,0,0,1,0,2021,50.4,48.8,0.06,1,324,0.57421875
"601",0,0,0,0,0,0,1,0,0,0,0,0,0,0,0,0,0,1,0,2023,57.6,51.8,0,0,233,0.315151515151515
"602",0,0,0,0,0,0,0,1,0,0,0,0,0,0,0,0,0,1,0,2023,40.7,25.4,0.01,0,252,0.43030303030303
"603",0,0,0,0,0,0,1,0,0,0,0,0,0,0,0,0,0,1,0,2023,60.6,56.8,0,1,335,0.933333333333333
"604",0,0,0,0,0,0,0,0,0,1,0,0,0,0,0,0,0,1,0,2023,45.3,37.5,0,0,242,0.36969696969697
"605",0,0,0,0,0,0,0,1,0,0,0,0,0,0,0,0,0,1,0,2023,43.2,39.1,0.01,1,247,0.4
"606",0,0,0,0,0,0,0,0,0,0,1,0,0,0,0,0,0,1,0,2023,62,58.1,0,0,299,0.715151515151515
"607",0,0,0,0,0,0,0,1,0,0,0,0,0,0,0,0,0,1,0,2021,51.9,50.6,0,1,257,0.3125
"608",0,0,0,0,0,1,0,0,0,0,0,0,0,0,0,0,0,1,0,2021,67.2,58,0,0,319,0.5546875
"609",0,0,0,0,0,0,0,0,0,0,0,1,0,0,0,0,0,1,0,2023,72.6,70.6,0,0,305,0.751515151515151
"610",0,0,1,0,0,0,0,0,0,0,0,0,0,0,0,0,0,1,0,2023,33.8,16.6,0,0,279,0.593939393939394
"611",0,0,1,0,0,0,0,0,0,0,0,0,0,0,0,0,0,1,0,2023,37.1,24.8,0,0,284,0.624242424242424
"612",0,0,0,0,1,0,0,0,0,0,0,0,0,0,0,0,0,1,0,2023,39.6,34.7,0,0,280,0.6
"613",0,0,0,0,0,0,0,0,1,0,0,0,0,0,0,0,0,1,0,2023,55.1,46,0,1,296,0.696969696969697
"614",1,0,0,0,0,0,0,0,0,0,0,0,0,0,0,0,0,1,0,2023,53.4,44,0,0,237,0.339393939393939
"615",0,0,0,0,0,0,0,1,0,0,0,0,0,0,0,0,0,1,0,2021,39.3,32.2,0,0,262,0.33203125
"616",1,0,0,0,0,0,0,0,0,0,0,0,0,0,0,0,0,1,0,2021,48.2,47.6,0,1,263,0.3359375
"617",0,1,0,0,0,0,0,0,0,0,0,0,0,0,0,0,0,1,0,2021,75,71.7,0,0,286,0.42578125
"618",0,0,0,1,0,0,0,0,0,0,0,0,0,0,0,0,0,1,0,2021,26.2,18.5,0,0,299,0.4765625
"619",0,0,0,0,0,0,0,1,0,0,0,0,0,0,0,0,0,1,0,2023,45.9,43.4,0.03,1,261,0.484848484848485
"620",0,0,0,0,0,0,0,0,1,0,0,0,0,0,0,0,0,1,0,2023,48.8,26.5,0,0,320,0.842424242424242
"621",0,0,0,0,0,0,1,0,0,0,0,0,0,0,0,0,0,0,1,2022,65.9,63.8,0.03,1,369,0.977653631284916
"622",0,0,0,0,0,0,0,0,1,0,0,0,0,0,0,0,0,0,1,2022,61,58.3,0,1,315,0.675977653631285
"623",0,0,0,0,0,0,0,1,0,0,0,0,0,0,0,0,0,0,1,2022,50,47.8,0.15,1,362,0.93854748603352
"624",0,0,0,0,0,0,0,0,0,0,1,0,0,0,0,0,0,0,1,2023,59.4,57.4,0,0,340,0.963636363636364
"625",0,1,0,0,0,0,0,0,0,0,0,0,0,0,0,0,0,0,1,2023,67.2,59.3,0,0,272,0.551515151515152
"626",0,0,0,1,0,0,0,0,0,0,0,0,0,0,0,0,0,0,1,2023,30.4,12.1,0,0,307,0.763636363636364
"627",0,0,1,0,0,0,0,0,0,0,0,0,0,0,0,0,0,0,1,2022,53.7,49.5,0.03,0,311,0.653631284916201
"628",0,0,0,0,0,0,0,0,0,0,1,0,0,0,0,0,0,0,1,2021,67,61.2,0,0,381,0.796875
"629",0,0,0,0,1,0,0,0,0,0,0,0,0,0,0,0,0,0,1,2021,33.3,24.9,0,0,272,0.37109375
"630",1,0,0,0,0,0,0,0,0,0,0,0,0,0,0,0,0,0,1,2021,37.1,25.3,0,0,283,0.4140625
"631",0,0,0,0,0,0,0,0,0,0,0,1,0,0,0,0,0,0,1,2022,66.2,44.7,0,0,350,0.871508379888268
"632",0,0,0,1,0,0,0,0,0,0,0,0,0,0,0,0,0,0,1,2022,47.7,45.8,0.15,1,288,0.525139664804469
"633",0,0,0,0,0,0,0,0,0,0,1,0,0,0,0,0,0,0,1,2022,55.3,44,0,0,302,0.603351955307263
"634",0,0,0,0,0,0,0,0,1,0,0,0,0,0,0,0,0,0,1,2022,54.7,52.6,0.27,1,324,0.726256983240223
"635",1,0,0,0,0,0,0,0,0,0,0,0,0,0,0,0,0,0,1,2022,52.3,42.6,0.07,0,292,0.547486033519553
"636",0,0,0,0,0,0,0,0,0,0,1,0,0,0,0,0,0,0,1,2023,63.3,62.2,0,1,307,0.763636363636364
"637",0,0,0,0,0,0,0,1,0,0,0,0,0,0,0,0,0,0,1,2023,38.9,19.5,0,0,256,0.454545454545455
"638",1,0,0,0,0,0,0,0,0,0,0,0,0,0,0,0,0,0,1,2023,47.8,39,0,0,312,0.793939393939394
"639",0,0,0,0,0,0,0,0,1,0,0,0,0,0,0,0,0,0,1,2023,56.4,45,0,0,296,0.696969696969697
"640",0,0,1,0,0,0,0,0,0,0,0,0,0,0,0,0,0,0,1,2023,42.4,32,0,0,309,0.775757575757576
"641",0,0,0,1,0,0,0,0,0,0,0,0,0,0,0,0,0,0,1,2023,38.9,31,0.13,0,269,0.533333333333333
"642",0,0,1,0,0,0,0,0,0,0,0,0,0,0,0,0,0,0,1,2021,47.7,31.9,0.01,0,343,0.6484375
"643",0,0,0,0,1,0,0,0,0,0,0,0,0,0,0,0,0,0,1,2021,36.5,28.4,0,0,254,0.30078125
"644",0,0,0,1,0,0,0,0,0,0,0,0,0,0,0,0,0,0,1,2021,33.1,32,0.4,0,202,0.09765625
"645",0,1,0,0,0,0,0,0,0,0,0,0,0,0,0,0,0,0,1,2021,77.6,72.7,0,0,325,0.578125
"646",0,0,0,0,0,0,1,0,0,0,0,0,0,0,0,0,0,0,1,2021,66.5,64.3,0.03,1,381,0.796875
"647",0,0,0,0,0,0,1,0,0,0,0,0,0,0,0,0,0,0,1,2022,63.1,57.4,0,0,355,0.899441340782123
"648",1,0,0,0,0,0,0,0,0,0,0,0,0,0,0,0,0,0,1,2022,50.5,46.7,0.08,1,343,0.832402234636871
"649",0,0,0,1,0,0,0,0,0,0,0,0,0,0,0,0,0,0,1,2022,44.3,35.6,0,0,319,0.698324022346369
"650",0,0,0,0,0,0,0,0,0,0,0,1,0,0,0,0,0,0,1,2022,70.8,62.5,0,0,364,0.949720670391061
"651",0,0,0,0,0,0,0,0,0,0,0,1,0,0,0,0,0,0,1,2022,58.6,49.8,0,0,328,0.748603351955307
"652",0,0,0,0,0,0,0,1,0,0,0,0,0,0,0,0,0,0,1,2022,28.2,10.2,0.01,0,328,0.748603351955307
"653",0,0,0,0,1,0,0,0,0,0,0,0,0,0,0,0,0,0,1,2022,45,41.8,0.06,0,289,0.53072625698324
"654",0,0,0,0,1,0,0,0,0,0,0,0,0,0,0,0,0,0,1,2022,30.7,19.7,0.02,0,288,0.525139664804469
"655",1,0,0,0,0,0,0,0,0,0,0,0,0,0,0,0,0,0,1,2022,53.1,49.4,0.33,1,290,0.536312849162011
"656",0,1,0,0,0,0,0,0,0,0,0,0,0,0,0,0,0,0,1,2022,75.4,68.3,0,0,286,0.513966480446927
"657",0,0,0,0,0,0,0,1,0,0,0,0,0,0,0,0,0,0,1,2022,48.4,46.2,0.51,1,307,0.631284916201117
"658",0,1,0,0,0,0,0,0,0,0,0,0,0,0,0,0,0,0,1,2022,70.7,67.6,0.19,0,351,0.877094972067039
"659",0,0,0,1,0,0,0,0,0,0,0,0,0,0,0,0,0,0,1,2022,50.6,45,0.17,0,279,0.474860335195531
"660",0,0,0,0,1,0,0,0,0,0,0,0,0,0,0,0,0,0,1,2022,36.2,28.4,0.13,0,296,0.569832402234637
"661",0,0,0,0,0,0,0,0,1,0,0,0,0,0,0,0,0,0,1,2022,58.6,56.4,0,1,332,0.770949720670391
"662",0,0,0,0,0,0,0,0,0,1,0,0,0,0,0,0,0,0,1,2022,63.5,59.6,0,0,310,0.64804469273743
"663",0,0,0,0,0,0,0,0,1,0,0,0,0,0,0,0,0,0,1,2022,53,47.6,0,0,365,0.955307262569832
"664",0,1,0,0,0,0,0,0,0,0,0,0,0,0,0,0,0,0,1,2023,71.5,66.6,0.44,0,275,0.56969696969697
"665",0,0,0,0,0,0,1,0,0,0,0,0,0,0,0,0,0,0,1,2023,63.8,59.7,0,0,310,0.781818181818182
"666",0,0,0,0,0,0,0,0,0,1,0,0,0,0,0,0,0,0,1,2023,44,33.8,0,0,296,0.696969696969697
"667",0,0,0,0,0,0,0,1,0,0,0,0,0,0,0,0,0,0,1,2023,39.8,28.2,0,0,282,0.612121212121212
"668",0,0,1,0,0,0,0,0,0,0,0,0,0,0,0,0,0,0,1,2022,45.2,30.3,0,0,305,0.620111731843575
"669",0,0,0,0,0,0,0,0,0,1,0,0,0,0,0,0,0,0,1,2022,52.6,47,0,0,233,0.217877094972067
"670",0,0,0,0,0,0,0,1,0,0,0,0,0,0,0,0,0,0,1,2021,51.3,51.3,0,1,336,0.62109375
"671",0,0,0,0,0,0,0,0,0,1,0,0,0,0,0,0,0,0,1,2021,58.3,50.7,0,0,353,0.6875
"672",0,0,0,0,0,0,0,0,0,1,0,0,0,0,0,0,0,0,1,2022,59.7,56.5,0,1,287,0.519553072625698
"673",0,0,0,0,0,0,1,0,0,0,0,0,0,0,0,0,0,0,1,2022,60.4,57.2,0,0,320,0.70391061452514
"674",0,0,0,0,0,1,0,0,0,0,0,0,0,0,0,0,0,0,1,2022,78.4,72.6,0,0,334,0.782122905027933
"675",1,0,0,0,0,0,0,0,0,0,0,0,0,0,0,0,0,0,1,2023,58.6,46.9,0,0,287,0.642424242424242
"676",0,0,0,0,1,0,0,0,0,0,0,0,0,0,0,0,0,0,1,2021,18.1,8.9,0.01,0,291,0.4453125
"677",0,1,0,0,0,0,0,0,0,0,0,0,0,0,0,0,0,0,1,2021,79.3,72.2,0,1,349,0.671875
"678",0,0,0,0,1,0,0,0,0,0,0,0,0,0,0,0,0,0,1,2021,41.3,35.3,0,0,272,0.37109375
"679",0,0,0,0,0,0,1,0,0,0,0,0,0,0,0,0,0,0,1,2023,60.9,59.4,0,1,312,0.793939393939394
"680",0,0,0,1,0,0,0,0,0,0,0,0,0,0,0,0,0,0,1,2023,47.6,47.3,0.05,1,276,0.575757575757576
"681",1,0,0,0,0,0,0,0,0,0,0,0,0,0,0,0,0,0,1,2021,55.9,50,0.24,1,331,0.6015625
"682",0,0,0,0,0,0,1,0,0,0,0,0,0,0,0,0,0,0,1,2021,60.2,47.6,0,0,343,0.6484375
"683",0,0,0,0,0,1,0,0,0,0,0,0,0,0,0,0,0,0,1,2022,68,62,0,0,297,0.575418994413408
"684",0,0,0,0,0,0,1,0,0,0,0,0,0,0,0,0,0,0,1,2022,65.1,58.4,0.08,0,366,0.960893854748603
"685",0,0,0,1,0,0,0,0,0,0,0,0,0,0,0,0,0,0,1,2022,36.6,30.9,0.19,0,251,0.318435754189944
"686",0,0,0,0,0,0,0,1,0,0,0,0,0,0,0,0,0,0,1,2022,39.8,34.6,0,0,329,0.754189944134078
"687",0,1,0,0,0,0,0,0,0,0,0,0,0,0,0,0,0,0,1,2022,77.9,75.4,0,1,323,0.720670391061452
"688",1,0,0,0,0,0,0,0,0,0,0,0,0,0,0,0,0,0,1,2022,49.1,22.6,0,0,361,0.932960893854749
"689",0,0,0,0,1,0,0,0,0,0,0,0,0,0,0,0,0,0,1,2022,36.6,24.5,0,0,283,0.497206703910615
"690",0,0,0,0,0,0,0,0,0,0,1,0,0,0,0,0,0,0,1,2022,59.5,45.3,0,0,335,0.787709497206704
"691",0,0,0,0,0,1,0,0,0,0,0,0,0,0,0,0,0,0,1,2022,73.1,67.2,0,1,312,0.659217877094972
"692",0,0,1,0,0,0,0,0,0,0,0,0,0,0,0,0,0,0,1,2021,31.5,18.3,0,0,281,0.40625
"693",0,0,0,0,0,0,0,0,0,0,1,0,0,0,0,0,0,0,1,2021,61.2,47.1,0.01,0,385,0.8125
"694",0,0,0,0,0,0,0,0,0,0,0,1,0,0,0,0,0,0,1,2021,68.2,56.4,0,0,353,0.6875
"695",0,0,0,0,0,0,0,0,1,0,0,0,0,0,0,0,0,0,1,2021,58,45.8,0.02,0,358,0.70703125
"696",0,0,0,0,0,0,0,0,0,0,0,1,0,0,0,0,0,0,1,2021,72.6,69,0,0,383,0.8046875
"697",0,0,0,0,0,0,0,1,0,0,0,0,0,0,0,0,0,0,1,2023,46.3,38.8,0.05,1,247,0.4
"698",0,0,0,0,0,0,0,1,0,0,0,0,0,0,0,0,0,0,1,2023,38.7,31.5,0,0,292,0.672727272727273
"699",0,0,0,0,0,0,0,0,1,0,0,0,0,0,0,0,0,0,1,2023,48.3,40.9,0,0,301,0.727272727272727
"700",0,0,0,0,0,1,0,0,0,0,0,0,0,0,0,0,0,0,1,2023,69.7,68.9,0,0,272,0.551515151515152
"701",0,0,0,0,0,0,0,0,0,0,0,1,0,0,0,0,0,0,1,2023,64.7,58.9,0.01,0,273,0.557575757575758
"702",0,0,0,0,0,1,0,0,0,0,0,0,0,0,0,0,0,0,1,2021,72,68.9,0.01,1,346,0.66015625
"703",0,0,0,0,0,0,0,1,0,0,0,0,0,0,0,0,0,0,1,2021,47.8,44.1,0,0,338,0.62890625
"704",0,0,0,0,1,0,0,0,0,0,0,0,0,0,0,0,0,0,1,2021,39.6,29.3,0.13,0,257,0.3125
"705",0,0,0,0,0,0,0,0,1,0,0,0,0,0,0,0,0,0,1,2021,58.9,44.2,0,0,411,0.9140625
"706",0,0,0,1,0,0,0,0,0,0,0,0,0,0,0,0,0,0,1,2023,48.1,43.5,0,1,297,0.703030303030303
"707",0,0,0,0,0,0,0,0,0,0,0,1,0,0,0,0,0,0,1,2023,60.6,53.8,0,0,284,0.624242424242424
"708",0,0,0,0,0,1,0,0,0,0,0,0,0,0,0,0,0,0,1,2023,66.5,65.8,0,1,269,0.533333333333333
"709",0,0,1,0,0,0,0,0,0,0,0,0,0,0,0,0,0,0,1,2023,45.5,45.3,0.36,0,263,0.496969696969697
"710",0,0,1,0,0,0,0,0,0,0,0,0,0,0,0,0,0,0,1,2023,35,25.7,0,0,276,0.575757575757576
"711",0,0,0,0,0,0,1,0,0,0,0,0,0,0,0,0,0,0,1,2021,60.7,59.9,0.34,1,331,0.6015625
"712",0,0,0,1,0,0,0,0,0,0,0,0,0,0,0,0,0,0,1,2021,37.2,34.4,0,0,326,0.58203125
"713",0,0,0,0,0,1,0,0,0,0,0,0,0,0,0,0,0,0,1,2021,72.9,70.6,0,1,350,0.67578125
"714",0,0,1,0,0,0,0,0,0,0,0,0,0,0,0,0,0,0,1,2021,55.3,44.5,0,0,305,0.5
"715",0,0,0,1,0,0,0,0,0,0,0,0,0,0,0,0,0,0,1,2021,34.7,16.7,0,0,301,0.484375
"716",0,0,0,0,0,0,0,0,0,0,1,0,0,0,0,0,0,0,1,2021,64.9,59.1,0,0,361,0.71875
"717",0,0,0,0,0,0,0,0,0,1,0,0,0,0,0,0,0,0,1,2023,45.6,34.4,0,0,222,0.248484848484848
"718",0,0,0,0,0,0,1,0,0,0,0,0,0,0,0,0,0,0,1,2023,56.8,53.5,0,0,287,0.642424242424242
"719",0,0,1,0,0,0,0,0,0,0,0,0,0,0,0,0,0,0,1,2022,42.3,28.4,0,0,298,0.581005586592179
"720",0,0,0,0,0,0,0,0,0,0,0,1,0,0,0,0,0,0,1,2022,60,48.7,1,0,322,0.715083798882682
"721",0,0,1,0,0,0,0,0,0,0,0,0,0,0,0,0,0,0,1,2022,48.3,43.9,0,0,299,0.58659217877095
"722",0,0,0,0,0,0,0,0,0,0,1,0,0,0,0,0,0,0,1,2022,61.3,59.6,0.01,1,323,0.720670391061452
"723",0,0,0,0,0,0,0,0,0,0,1,0,0,0,0,0,0,0,1,2022,66.7,64.7,1.19,1,347,0.854748603351955
"724",0,0,0,0,0,1,0,0,0,0,0,0,0,0,0,0,0,0,1,2022,78.8,72.8,0,1,310,0.64804469273743
"725",0,0,0,0,0,0,0,0,0,1,0,0,0,0,0,0,0,0,1,2022,43.7,27.7,0.08,0,285,0.508379888268156
"726",0,0,0,1,0,0,0,0,0,0,0,0,0,0,0,0,0,0,1,2021,22.5,10.9,0,0,290,0.44140625
"727",0,0,0,0,0,0,0,0,0,1,0,0,0,0,0,0,0,0,1,2021,52.9,41.3,0.07,0,349,0.671875
"728",0,0,0,0,0,0,0,0,0,1,0,0,0,0,0,0,0,0,1,2021,49.1,33.6,0,0,386,0.81640625
"729",1,0,0,0,0,0,0,0,0,0,0,0,0,0,0,0,0,0,1,2022,55.7,44.1,0,0,276,0.458100558659218
"730",0,0,1,0,0,0,0,0,0,0,0,0,0,0,0,0,0,0,1,2022,48.6,44.3,0.28,0,373,1
"731",0,0,0,0,0,1,0,0,0,0,0,0,0,0,0,0,0,0,1,2022,69.7,66,0,1,316,0.681564245810056
"732",0,1,0,0,0,0,0,0,0,0,0,0,0,0,0,0,0,0,1,2022,75,72.3,0,1,297,0.575418994413408
"733",0,0,0,0,0,0,0,0,0,0,0,1,0,0,0,0,0,0,1,2022,67.2,55.3,0,0,289,0.53072625698324
"734",0,1,0,0,0,0,0,0,0,0,0,0,0,0,0,0,0,0,1,2023,70.4,70,0.24,0,296,0.696969696969697
"735",0,0,0,0,0,0,0,0,0,0,0,1,0,0,0,0,0,0,1,2023,70.9,70.1,0,1,260,0.478787878787879
"736",0,0,1,0,0,0,0,0,0,0,0,0,0,0,0,0,0,0,1,2023,32.2,21.6,0,0,323,0.860606060606061
"737",1,0,0,0,0,0,0,0,0,0,0,0,0,0,0,0,0,0,1,2021,45.1,27.1,0,0,357,0.703125
"738",0,0,1,0,0,0,0,0,0,0,0,0,0,0,0,0,0,0,1,2021,41.5,31.3,0,0,301,0.484375
"739",0,1,0,0,0,0,0,0,0,0,0,0,0,0,0,0,0,0,1,2021,72,68.4,0,1,355,0.6953125
"740",0,0,0,0,0,0,0,0,1,0,0,0,0,0,0,0,0,0,1,2021,51.5,41.4,0,0,319,0.5546875
"741",0,0,0,0,0,1,0,0,0,0,0,0,0,0,0,0,0,0,1,2023,66.1,65.1,0,1,323,0.860606060606061
"742",0,0,0,0,0,0,0,0,1,0,0,0,0,0,0,0,0,0,1,2023,52.5,43.2,0,0,313,0.8
"743",0,0,0,0,0,0,1,0,0,0,0,0,0,0,0,0,0,0,1,2021,66.1,59.8,0,0,388,0.82421875
"744",0,0,0,0,0,0,0,0,0,1,0,0,0,0,0,0,0,0,1,2021,50.3,43,0,0,261,0.328125
"745",0,0,0,0,0,0,0,0,0,0,0,1,0,0,0,0,0,0,1,2021,73,66.1,0,0,352,0.68359375
"746",0,0,0,0,0,0,0,0,0,0,1,0,0,0,0,0,0,0,1,2021,54,42.1,0,0,357,0.703125
"747",0,0,0,0,0,0,0,0,1,0,0,0,0,0,0,0,0,0,1,2021,49.7,48.5,0,1,384,0.80859375
"748",0,1,0,0,0,0,0,0,0,0,0,0,0,0,0,0,0,0,1,2021,76.7,72.8,0,1,358,0.70703125
"749",1,0,0,0,0,0,0,0,0,0,0,0,0,0,0,0,0,0,1,2021,43.8,40.8,0.64,0,298,0.47265625
"750",0,0,0,0,0,1,0,0,0,0,0,0,0,0,0,0,0,0,1,2021,73.6,62,0,0,324,0.57421875
"751",0,0,0,0,0,0,0,0,0,1,0,0,0,0,0,0,0,0,1,2023,49.4,39.9,0.01,0,217,0.218181818181818
"752",0,0,0,0,0,0,0,0,0,1,0,0,0,0,0,0,0,0,1,2023,51.9,50.1,0,1,327,0.884848484848485
"753",0,0,0,0,1,0,0,0,0,0,0,0,0,0,0,0,0,0,1,2023,38.4,25,0.01,0,235,0.327272727272727
"754",0,0,0,0,1,0,0,0,0,0,0,0,0,0,0,0,0,0,1,2023,46.6,45.3,0.1,0,234,0.321212121212121
"755",0,0,0,0,0,0,0,1,0,0,0,0,0,0,0,0,0,0,1,2023,42.7,36.2,0,0,282,0.612121212121212
"756",0,0,0,0,0,0,0,0,0,0,1,0,0,0,0,0,0,0,1,2023,60,59.1,0,0,280,0.6
"757",0,0,0,0,1,0,0,0,0,0,0,0,0,0,0,0,0,0,1,2023,50,48.9,0.18,1,299,0.715151515151515
"758",1,0,0,0,0,0,0,0,0,0,0,0,0,0,0,0,0,0,1,2023,46.1,41.6,0,0,305,0.751515151515151
"759",0,0,0,0,0,0,1,0,0,0,0,0,0,0,0,0,0,0,1,2023,65.6,63.5,0,1,266,0.515151515151515
"760",0,0,0,0,0,0,0,0,0,0,1,0,0,0,0,0,0,0,1,2023,56.9,48,0,0,311,0.787878787878788
"761",0,0,0,0,0,0,0,1,0,0,0,0,0,0,0,0,0,0,1,2021,33.6,26.3,0,0,309,0.515625
"762",0,0,0,0,0,0,0,0,0,0,0,1,0,0,0,0,0,0,1,2021,71.5,67.6,0.45,0,375,0.7734375
"763",1,0,0,0,0,0,0,0,0,0,0,0,0,0,0,0,0,0,1,2021,47.6,43.2,0,1,281,0.40625
"764",0,0,0,0,0,1,0,0,0,0,0,0,0,0,0,0,0,0,1,2021,70.3,66.7,0.5,1,333,0.609375
"765",0,0,0,0,0,1,0,0,0,0,0,0,0,0,0,0,0,0,1,2023,75.9,71.5,0.01,0,287,0.642424242424242
"766",0,0,0,0,1,0,0,0,0,0,0,0,0,0,0,0,0,0,1,2023,41.9,40.8,0.82,0,235,0.327272727272727
"767",1,0,0,0,0,0,0,0,0,0,0,0,0,0,0,0,0,0,1,2023,50,39.7,0.13,1,210,0.175757575757576
"768",0,0,0,0,0,0,0,0,0,0,0,1,0,0,0,0,0,0,1,2023,63.7,51.8,0,0,289,0.654545454545455
"769",0,0,0,0,0,0,0,0,0,0,0,1,0,0,0,0,0,0,1,2023,60.3,58.2,0,0,318,0.83030303030303
"770",0,0,1,0,0,0,0,0,0,0,0,0,0,0,0,0,0,0,1,2023,49.2,44.4,0,0,330,0.903030303030303
"771",0,0,0,0,0,0,0,1,0,0,0,0,0,0,0,0,0,0,1,2021,30.2,9.5,0,0,306,0.50390625
"772",0,0,0,0,0,1,0,0,0,0,0,0,0,0,0,0,0,0,1,2021,74,65.9,0,0,383,0.8046875
"773",0,0,0,0,0,0,0,0,0,0,1,0,0,0,0,0,0,0,1,2021,62.7,58.8,0,1,381,0.796875
"774",0,0,1,0,0,0,0,0,0,0,0,0,0,0,0,0,0,0,1,2021,48.3,44.9,0,0,232,0.21484375
"775",0,1,0,0,0,0,0,0,0,0,0,0,0,0,0,0,0,0,1,2023,66.6,63.9,0,0,244,0.381818181818182
"776",0,0,0,0,0,0,1,0,0,0,0,0,0,0,0,0,0,0,1,2023,63.4,61.5,0.05,1,255,0.448484848484848
"777",0,1,0,0,0,0,0,0,0,0,0,0,0,1,0,0,0,0,0,2022,75.2,71.2,0.15,0,306,0.625698324022346
"778",0,0,0,0,1,0,0,0,0,0,0,0,0,1,0,0,0,0,0,2023,39.7,31.7,0,0,260,0.478787878787879
"779",0,0,0,1,0,0,0,0,0,0,0,0,0,1,0,0,0,0,0,2023,40.5,24.6,0,0,261,0.484848484848485
"780",0,0,0,1,0,0,0,0,0,0,0,0,0,1,0,0,0,0,0,2022,47.7,41.5,0,0,237,0.240223463687151
"781",0,0,0,0,0,0,0,0,0,0,1,0,0,1,0,0,0,0,0,2022,58,48.4,0,0,305,0.620111731843575
"782",0,1,0,0,0,0,0,0,0,0,0,0,0,1,0,0,0,0,0,2022,71.3,63.8,0,0,307,0.631284916201117
"783",0,0,0,0,1,0,0,0,0,0,0,0,0,1,0,0,0,0,0,2021,47.4,42.5,0.56,1,220,0.16796875
"784",0,0,0,1,0,0,0,0,0,0,0,0,0,1,0,0,0,0,0,2021,27.6,18.2,0,0,210,0.12890625
"785",0,0,0,0,0,0,0,0,0,1,0,0,0,1,0,0,0,0,0,2021,56.4,48.4,0.39,1,335,0.6171875
"786",0,0,0,0,1,0,0,0,0,0,0,0,0,1,0,0,0,0,0,2021,32.9,26.8,0,0,244,0.26171875
"787",0,1,0,0,0,0,0,0,0,0,0,0,0,1,0,0,0,0,0,2021,71.5,61,0,0,303,0.4921875
"788",0,0,0,0,0,0,0,0,0,0,1,0,0,1,0,0,0,0,0,2021,60.1,54.3,0.16,0,352,0.68359375
"789",0,0,0,0,0,0,0,0,0,0,1,0,0,1,0,0,0,0,0,2021,66.9,62.6,0,0,339,0.6328125
"790",0,0,0,0,0,0,0,0,0,0,1,0,0,1,0,0,0,0,0,2021,61,52.4,0,0,312,0.52734375
"791",0,0,1,0,0,0,0,0,0,0,0,0,0,1,0,0,0,0,0,2021,46.5,34.7,0,0,331,0.6015625
"792",0,0,0,0,0,0,0,1,0,0,0,0,0,1,0,0,0,0,0,2022,47.1,41.2,0.04,0,288,0.525139664804469
"793",0,0,0,0,0,0,0,0,1,0,0,0,0,1,0,0,0,0,0,2022,50.1,46.4,0.43,0,293,0.553072625698324
"794",1,0,0,0,0,0,0,0,0,0,0,0,0,1,0,0,0,0,0,2022,45.2,28.3,0.13,0,277,0.463687150837989
"795",0,0,0,0,0,0,1,0,0,0,0,0,0,1,0,0,0,0,0,2022,66.7,58.8,0.06,1,317,0.687150837988827
"796",0,0,0,0,0,1,0,0,0,0,0,0,0,1,0,0,0,0,0,2022,70.7,69,0,1,276,0.458100558659218
"797",0,0,0,0,0,0,0,0,0,0,0,1,0,1,0,0,0,0,0,2022,59.1,41.8,0,0,287,0.519553072625698
"798",0,0,0,0,0,0,0,1,0,0,0,0,0,1,0,0,0,0,0,2023,37.5,32.9,0.09,0,245,0.387878787878788
"799",0,0,0,0,0,0,0,1,0,0,0,0,0,1,0,0,0,0,0,2023,39.8,35.6,0.34,0,270,0.539393939393939
"800",0,0,0,0,0,0,0,0,0,0,1,0,0,1,0,0,0,0,0,2023,59.5,58.2,0.11,1,285,0.63030303030303
"801",0,0,0,0,0,1,0,0,0,0,0,0,0,1,0,0,0,0,0,2023,71.5,70.2,0.2,0,251,0.424242424242424
"802",0,0,0,0,0,0,0,0,1,0,0,0,0,1,0,0,0,0,0,2023,57.3,54.7,0,0,300,0.721212121212121
"803",0,0,0,0,0,0,0,0,1,0,0,0,0,1,0,0,0,0,0,2023,56,44.7,0,0,300,0.721212121212121
"804",0,0,0,1,0,0,0,0,0,0,0,0,0,1,0,0,0,0,0,2023,23.6,11,0,0,239,0.351515151515152
"805",0,0,0,0,0,0,0,0,0,0,0,1,0,1,0,0,0,0,0,2021,69.9,52.8,0,0,333,0.609375
"806",1,0,0,0,0,0,0,0,0,0,0,0,0,1,0,0,0,0,0,2021,51.1,40.3,0,0,301,0.484375
"807",0,0,1,0,0,0,0,0,0,0,0,0,0,1,0,0,0,0,0,2021,53.4,50.9,0.06,1,307,0.5078125
"808",0,0,0,1,0,0,0,0,0,0,0,0,0,1,0,0,0,0,0,2021,39.1,33.4,0,0,223,0.1796875
"809",0,0,1,0,0,0,0,0,0,0,0,0,0,1,0,0,0,0,0,2021,42.7,38.9,0.01,0,189,0.046875
"810",0,0,0,0,0,0,0,1,0,0,0,0,0,1,0,0,0,0,0,2021,49.9,40.6,0,0,325,0.578125
"811",0,0,0,0,0,0,0,0,0,0,0,1,0,1,0,0,0,0,0,2021,69.6,58.6,0,0,341,0.640625
"812",0,0,0,0,0,0,0,0,0,1,0,0,0,1,0,0,0,0,0,2021,40.7,25.8,0.15,0,264,0.33984375
"813",0,1,0,0,0,0,0,0,0,0,0,0,0,1,0,0,0,0,0,2021,75.3,71.8,0,1,321,0.5625
"814",0,0,0,0,0,1,0,0,0,0,0,0,0,1,0,0,0,0,0,2021,62.3,59.1,0.04,0,291,0.4453125
"815",0,0,1,0,0,0,0,0,0,0,0,0,0,1,0,0,0,0,0,2022,52,50.7,0,1,249,0.307262569832402
"816",0,1,0,0,0,0,0,0,0,0,0,0,0,1,0,0,0,0,0,2022,78.3,75.9,0,1,313,0.664804469273743
"817",0,0,0,0,0,0,0,0,0,1,0,0,0,1,0,0,0,0,0,2022,65.2,62.2,0,0,294,0.558659217877095
"818",0,0,0,0,0,1,0,0,0,0,0,0,0,1,0,0,0,0,0,2022,76.7,73.7,0,1,305,0.620111731843575
"819",0,1,0,0,0,0,0,0,0,0,0,0,0,1,0,0,0,0,0,2022,74.2,70.9,0,1,310,0.64804469273743
"820",0,0,0,0,0,1,0,0,0,0,0,0,0,1,0,0,0,0,0,2022,71.9,63.8,0,0,259,0.363128491620112
"821",0,0,0,0,1,0,0,0,0,0,0,0,0,1,0,0,0,0,0,2022,26.6,15.2,0.17,0,236,0.23463687150838
"822",0,0,0,1,0,0,0,0,0,0,0,0,0,1,0,0,0,0,0,2022,30.5,23.3,0.55,0,247,0.29608938547486
"823",0,0,0,0,0,0,1,0,0,0,0,0,0,1,0,0,0,0,0,2022,59,55.7,0.01,1,300,0.592178770949721
"824",0,0,0,1,0,0,0,0,0,0,0,0,0,1,0,0,0,0,0,2022,32,25,1.17,0,295,0.564245810055866
"825",1,0,0,0,0,0,0,0,0,0,0,0,0,1,0,0,0,0,0,2022,53,45.4,0,0,282,0.491620111731844
"826",0,0,0,0,0,0,0,0,0,0,1,0,0,1,0,0,0,0,0,2022,61.4,58,0.08,0,328,0.748603351955307
"827",0,0,0,0,0,0,0,0,0,0,0,1,0,1,0,0,0,0,0,2023,71.1,69.8,0,1,269,0.533333333333333
"828",0,0,0,0,0,0,0,1,0,0,0,0,0,1,0,0,0,0,0,2023,45.3,41.5,0.02,0,233,0.315151515151515
"829",0,0,0,0,0,0,0,1,0,0,0,0,0,1,0,0,0,0,0,2023,38.3,32.9,0,0,226,0.272727272727273
"830",0,0,0,0,1,0,0,0,0,0,0,0,0,1,0,0,0,0,0,2023,42.5,41.2,0.7,1,248,0.406060606060606
"831",0,0,0,0,0,0,0,0,0,1,0,0,0,1,0,0,0,0,0,2023,54.5,52.7,0.09,0,282,0.612121212121212
"832",0,0,0,0,0,0,0,0,0,0,1,0,0,1,0,0,0,0,0,2023,55.1,46.3,0,0,282,0.612121212121212
"833",0,0,0,0,0,1,0,0,0,0,0,0,0,1,0,0,0,0,0,2023,71.1,69.1,0,1,245,0.387878787878788
"834",1,0,0,0,0,0,0,0,0,0,0,0,0,1,0,0,0,0,0,2022,49.6,34.7,0,0,285,0.508379888268156
"835",1,0,0,0,0,0,0,0,0,0,0,0,0,1,0,0,0,0,0,2022,48.7,32.7,0,0,321,0.709497206703911
"836",0,0,0,0,0,0,0,1,0,0,0,0,0,1,0,0,0,0,0,2022,34.5,16,0,0,259,0.363128491620112
"837",0,0,0,0,1,0,0,0,0,0,0,0,0,1,0,0,0,0,0,2022,50.4,47.4,0.02,1,283,0.497206703910615
"838",0,0,1,0,0,0,0,0,0,0,0,0,0,1,0,0,0,0,0,2022,54.7,49.5,0,0,280,0.480446927374302
"839",0,0,0,0,0,1,0,0,0,0,0,0,0,1,0,0,0,0,0,2021,70,52.1,0,0,353,0.6875
"840",0,0,0,0,0,0,0,0,1,0,0,0,0,1,0,0,0,0,0,2021,48.9,39.5,0,0,305,0.5
"841",0,0,0,1,0,0,0,0,0,0,0,0,0,1,0,0,0,0,0,2021,38.9,31.7,0,0,275,0.3828125
"842",0,0,0,0,0,0,0,0,1,0,0,0,0,1,0,0,0,0,0,2021,55.2,53.4,0,1,378,0.78515625
"843",0,0,0,0,0,1,0,0,0,0,0,0,0,1,0,0,0,0,0,2022,76.5,70.2,0.54,0,306,0.625698324022346
"844",0,0,1,0,0,0,0,0,0,0,0,0,0,1,0,0,0,0,0,2022,27.5,20.1,0.11,0,267,0.407821229050279
"845",0,0,0,0,0,0,1,0,0,0,0,0,0,1,0,0,0,0,0,2022,66.5,60.3,0,0,308,0.636871508379888
"846",0,0,0,0,1,0,0,0,0,0,0,0,0,1,0,0,0,0,0,2022,34.4,30.6,0.53,1,276,0.458100558659218
"847",0,0,0,0,0,0,0,0,0,0,0,1,0,1,0,0,0,0,0,2022,62.7,48.3,0,0,262,0.379888268156425
"848",0,0,0,0,0,0,0,0,0,0,1,0,0,1,0,0,0,0,0,2022,62.7,57,0.08,1,275,0.452513966480447
"849",0,0,0,0,0,0,0,0,0,0,1,0,0,1,0,0,0,0,0,2022,55.1,46.7,0,0,308,0.636871508379888
"850",0,0,0,0,1,0,0,0,0,0,0,0,0,1,0,0,0,0,0,2022,31.2,20.6,0,1,267,0.407821229050279
"851",0,0,0,0,0,0,0,0,0,0,1,0,0,1,0,0,0,0,0,2023,63.6,63.2,0,0,270,0.539393939393939
"852",0,0,0,0,0,0,0,0,0,0,0,1,0,1,0,0,0,0,0,2023,60.7,60.3,0.32,0,248,0.406060606060606
"853",0,0,1,0,0,0,0,0,0,0,0,0,0,1,0,0,0,0,0,2023,42.3,39,0,0,273,0.557575757575758
"854",0,1,0,0,0,0,0,0,0,0,0,0,0,1,0,0,0,0,0,2021,78.1,73.2,0,1,302,0.48828125
"855",0,0,0,0,0,1,0,0,0,0,0,0,0,1,0,0,0,0,0,2021,74.2,72.1,0,1,339,0.6328125
"856",0,0,0,0,0,0,0,0,0,1,0,0,0,1,0,0,0,0,0,2023,56,51.5,0,0,239,0.351515151515152
"857",1,0,0,0,0,0,0,0,0,0,0,0,0,1,0,0,0,0,0,2023,53.3,50.8,0,1,242,0.36969696969697
"858",0,0,1,0,0,0,0,0,0,0,0,0,0,1,0,0,0,0,0,2023,31.8,24.6,0,0,218,0.224242424242424
"859",1,0,0,0,0,0,0,0,0,0,0,0,0,1,0,0,0,0,0,2023,48.8,47.7,0.19,1,278,0.587878787878788
"860",1,0,0,0,0,0,0,0,0,0,0,0,0,1,0,0,0,0,0,2023,48.5,42.3,0,0,258,0.466666666666667
"861",0,0,0,0,0,1,0,0,0,0,0,0,0,1,0,0,0,0,0,2021,71,68,0.04,1,293,0.453125
"862",1,0,0,0,0,0,0,0,0,0,0,0,0,1,0,0,0,0,0,2021,44.4,43.1,0,1,294,0.45703125
"863",0,0,0,0,0,0,0,0,1,0,0,0,0,1,0,0,0,0,0,2021,47.5,44.2,1.22,0,242,0.25390625
"864",0,0,0,0,0,0,1,0,0,0,0,0,0,1,0,0,0,0,0,2022,68.6,64.9,0,0,364,0.949720670391061
"865",0,0,0,0,0,0,0,0,0,1,0,0,0,1,0,0,0,0,0,2022,44.6,27.9,0,0,319,0.698324022346369
"866",0,0,0,0,0,0,0,0,0,0,0,1,0,1,0,0,0,0,0,2022,71.7,63.7,0,0,272,0.435754189944134
"867",0,0,0,0,1,0,0,0,0,0,0,0,0,1,0,0,0,0,0,2022,24.2,11.7,0.39,0,236,0.23463687150838
"868",0,0,0,0,0,0,0,1,0,0,0,0,0,1,0,0,0,0,0,2021,31,14.7,0,0,251,0.2890625
"869",0,0,0,0,0,0,0,0,0,0,1,0,0,1,0,0,0,0,0,2021,63.6,55.9,0,0,268,0.35546875
"870",0,0,0,0,0,0,0,0,0,1,0,0,0,1,0,0,0,0,0,2021,43.5,27.6,0,0,305,0.5
"871",0,0,0,0,0,1,0,0,0,0,0,0,0,1,0,0,0,0,0,2023,69.5,67.9,0,1,282,0.612121212121212
"872",0,0,0,0,0,0,0,0,0,0,0,1,0,1,0,0,0,0,0,2023,62.9,56,0,0,289,0.654545454545455
"873",0,0,0,0,0,0,0,0,0,1,0,0,0,1,0,0,0,0,0,2023,47.9,34.4,0,0,297,0.703030303030303
"874",0,1,0,0,0,0,0,0,0,0,0,0,0,1,0,0,0,0,0,2023,69.6,68,0.17,1,301,0.727272727272727
"875",0,0,0,0,0,0,1,0,0,0,0,0,0,1,0,0,0,0,0,2023,62.2,60.3,0.23,0,270,0.539393939393939
"876",0,0,0,0,0,0,0,0,0,0,0,1,0,1,0,0,0,0,0,2023,59.5,56.4,0,0,257,0.460606060606061
"877",0,0,0,0,0,0,0,0,1,0,0,0,0,1,0,0,0,0,0,2023,55.1,43.8,0,0,346,1
"878",1,0,0,0,0,0,0,0,0,0,0,0,0,1,0,0,0,0,0,2023,48.5,42.4,0,0,327,0.884848484848485
"879",0,0,0,0,0,0,1,0,0,0,0,0,0,1,0,0,0,0,0,2023,54.3,52.5,0.01,1,216,0.212121212121212
"880",0,0,0,0,0,0,0,1,0,0,0,0,0,1,0,0,0,0,0,2021,39.1,23.1,0,0,252,0.29296875
"881",0,0,0,0,0,0,1,0,0,0,0,0,0,1,0,0,0,0,0,2021,62.1,54.9,0,0,327,0.5859375
"882",0,0,0,1,0,0,0,0,0,0,0,0,0,1,0,0,0,0,0,2023,6.2,-10.4,0,0,222,0.248484848484848
"883",0,0,1,0,0,0,0,0,0,0,0,0,0,1,0,0,0,0,0,2023,50.2,49.3,0.14,0,261,0.484848484848485
"884",0,0,0,0,0,0,0,0,0,1,0,0,0,1,0,0,0,0,0,2022,66.3,64.1,0.85,0,270,0.424581005586592
"885",0,0,0,0,0,0,0,0,0,1,0,0,0,1,0,0,0,0,0,2022,47.2,32.2,0.11,0,247,0.29608938547486
"886",0,0,0,0,0,0,0,0,0,0,0,1,0,1,0,0,0,0,0,2022,65.2,53.6,0,0,299,0.58659217877095
"887",0,0,0,0,0,0,0,1,0,0,0,0,0,1,0,0,0,0,0,2022,48.9,47.8,0,1,287,0.519553072625698
"888",0,0,0,0,0,0,0,0,1,0,0,0,0,1,0,0,0,0,0,2022,61.8,60.5,0.02,1,293,0.553072625698324
"889",0,0,1,0,0,0,0,0,0,0,0,0,0,1,0,0,0,0,0,2022,44.4,37.1,0,0,253,0.329608938547486
"890",0,0,0,0,0,0,0,0,0,1,0,0,0,1,0,0,0,0,0,2021,43.1,29.7,0,0,335,0.6171875
"891",0,0,0,0,0,0,0,0,1,0,0,0,0,1,0,0,0,0,0,2021,51.9,38.7,0.05,0,318,0.55078125
"892",0,0,0,0,1,0,0,0,0,0,0,0,0,1,0,0,0,0,0,2021,32.2,19,0,0,251,0.2890625
"893",0,0,0,1,0,0,0,0,0,0,0,0,0,1,0,0,0,0,0,2021,31.5,28.4,0.51,0,257,0.3125
"894",0,0,1,0,0,0,0,0,0,0,0,0,0,1,0,0,0,0,0,2022,43.8,34.7,0.31,1,278,0.46927374301676
"895",1,0,0,0,0,0,0,0,0,0,0,0,0,1,0,0,0,0,0,2022,48.8,44.2,0,1,293,0.553072625698324
"896",0,0,0,0,0,0,0,0,1,0,0,0,0,1,0,0,0,0,0,2022,60.4,57.5,0.5,1,349,0.865921787709497
"897",0,0,0,0,0,0,0,1,0,0,0,0,0,1,0,0,0,0,0,2022,47.2,45.5,0.12,1,253,0.329608938547486
"898",0,0,0,0,0,0,0,0,1,0,0,0,0,1,0,0,0,0,0,2022,60.3,58.6,0,1,277,0.463687150837989
"899",0,0,0,1,0,0,0,0,0,0,0,0,0,1,0,0,0,0,0,2022,34.1,21.3,0.19,0,237,0.240223463687151
"900",0,0,0,0,0,1,0,0,0,0,0,0,0,1,0,0,0,0,0,2022,69.9,65.8,0,1,277,0.463687150837989
"901",0,0,0,0,0,0,0,0,0,0,1,0,0,1,0,0,0,0,0,2022,54.9,47.2,0,0,326,0.737430167597765
"902",0,0,0,0,0,0,1,0,0,0,0,0,0,1,0,0,0,0,0,2023,58.2,54.4,0,1,291,0.666666666666667
"903",0,0,0,0,0,1,0,0,0,0,0,0,0,1,0,0,0,0,0,2023,66.7,65.9,0,1,230,0.296969696969697
"904",0,0,0,0,0,0,1,0,0,0,0,0,0,1,0,0,0,0,0,2023,64.9,64.4,0.08,1,285,0.63030303030303
"905",0,0,0,0,0,0,0,1,0,0,0,0,0,1,0,0,0,0,0,2021,37.9,27.9,0,0,283,0.4140625
"906",0,0,0,0,0,0,0,0,1,0,0,0,0,1,0,0,0,0,0,2021,58.9,47.2,0,0,321,0.5625
"907",0,0,1,0,0,0,0,0,0,0,0,0,0,1,0,0,0,0,0,2021,38.8,21.4,0,0,278,0.39453125
"908",1,0,0,0,0,0,0,0,0,0,0,0,0,1,0,0,0,0,0,2021,36.6,23.4,0,0,281,0.40625
"909",1,0,0,0,0,0,0,0,0,0,0,0,0,1,0,0,0,0,0,2021,42,37.1,0.18,0,265,0.34375
"910",0,1,0,0,0,0,0,0,0,0,0,0,0,1,0,0,0,0,0,2021,73,68.9,0,1,334,0.61328125
"911",0,0,0,0,0,0,1,0,0,0,0,0,0,1,0,0,0,0,0,2021,61.7,59,0.02,1,365,0.734375
"912",0,0,0,0,1,0,0,0,0,0,0,0,0,1,0,0,0,0,0,2021,19.2,11.2,0,0,284,0.41796875
"913",0,0,0,0,0,0,1,0,0,0,0,0,0,1,0,0,0,0,0,2021,68.4,62.2,0,0,372,0.76171875
"914",0,0,0,0,0,0,0,0,0,0,1,0,0,1,0,0,0,0,0,2021,63,51.5,0,0,349,0.671875
"915",0,0,0,0,1,0,0,0,0,0,0,0,0,1,0,0,0,0,0,2021,45.4,42.1,0.08,0,265,0.34375
"916",0,0,0,0,0,0,1,0,0,0,0,0,0,1,0,0,0,0,0,2021,70,67.8,0.3,1,375,0.7734375
"917",0,0,0,0,0,0,0,0,0,0,0,1,0,1,0,0,0,0,0,2021,71.4,68.5,1.25,1,358,0.70703125
"918",0,0,0,0,0,0,0,0,0,0,0,1,0,1,0,0,0,0,0,2021,71.5,66.5,0.08,0,319,0.5546875
"919",0,0,0,0,1,0,0,0,0,0,0,0,0,1,0,0,0,0,0,2023,41.2,37.6,0.1,0,181,0
"920",0,1,0,0,0,0,0,0,0,0,0,0,0,1,0,0,0,0,0,2023,69.6,69.2,0,1,253,0.436363636363636
"921",0,0,1,0,0,0,0,0,0,0,0,0,0,1,0,0,0,0,0,2023,46.5,37.8,0,0,239,0.351515151515152
"922",0,0,1,0,0,0,0,0,0,0,0,0,0,1,0,0,0,0,0,2023,45.2,42.8,0.01,1,228,0.284848484848485
"923",0,0,0,0,0,0,0,0,0,0,0,1,0,1,0,0,0,0,0,2023,61.2,55.4,0,0,283,0.618181818181818
"924",0,0,0,0,0,1,0,0,0,0,0,0,0,1,0,0,0,0,0,2021,70.8,61.3,0,1,337,0.625
"925",0,0,0,0,0,1,0,0,0,0,0,0,0,1,0,0,0,0,0,2023,73.3,72,0,1,270,0.539393939393939
"926",0,1,0,0,0,0,0,0,0,0,0,0,0,1,0,0,0,0,0,2023,68.3,61.2,0.02,0,273,0.557575757575758
"927",1,0,0,0,0,0,0,0,0,0,0,0,0,1,0,0,0,0,0,2023,41.8,21.5,0.11,0,224,0.260606060606061
"928",0,0,0,0,0,0,0,0,0,1,0,0,0,1,0,0,0,0,0,2023,34.5,20.9,0,0,211,0.181818181818182
"929",0,0,0,1,0,0,0,0,0,0,0,0,0,1,0,0,0,0,0,2023,32.3,23.8,0.09,0,252,0.43030303030303
"930",0,1,0,0,0,0,0,0,0,0,0,0,0,1,0,0,0,0,0,2023,70.1,67.5,0.02,0,261,0.484848484848485
"931",0,0,0,0,1,0,0,0,0,0,0,0,0,1,0,0,0,0,0,2023,36.7,30.7,0.03,0,230,0.296969696969697
"932",0,0,0,0,0,0,0,0,1,0,0,0,0,1,0,0,0,0,0,2023,60.4,52.9,0,0,298,0.709090909090909
"933",0,0,0,1,0,0,0,0,0,0,0,0,1,0,0,0,0,0,0,2022,27.9,9.1,0,0,245,0.284916201117318
"934",0,0,0,0,0,0,0,0,0,1,0,0,1,0,0,0,0,0,0,2022,42,23.1,0,0,249,0.307262569832402
"935",0,1,0,0,0,0,0,0,0,0,0,0,1,0,0,0,0,0,0,2023,70.5,69.3,0.03,1,273,0.557575757575758
"936",0,0,0,0,0,0,1,0,0,0,0,0,1,0,0,0,0,0,0,2023,61.5,56.7,0.03,0,251,0.424242424242424
"937",0,0,1,0,0,0,0,0,0,0,0,0,1,0,0,0,0,0,0,2023,44.1,41.4,0,0,216,0.212121212121212
"938",0,1,0,0,0,0,0,0,0,0,0,0,1,0,0,0,0,0,0,2021,69.4,60.2,0,0,303,0.4921875
"939",0,0,0,0,0,0,0,0,1,0,0,0,1,0,0,0,0,0,0,2021,53.5,44.6,0,0,330,0.59765625
"940",1,0,0,0,0,0,0,0,0,0,0,0,1,0,0,0,0,0,0,2021,46.3,30.8,0,0,259,0.3203125
"941",0,0,0,0,0,0,0,1,0,0,0,0,1,0,0,0,0,0,0,2021,48.1,47.7,0,1,198,0.08203125
"942",0,0,0,0,0,0,0,1,0,0,0,0,1,0,0,0,0,0,0,2021,40.8,35.9,0,0,261,0.328125
"943",0,0,0,0,0,0,0,0,0,0,0,1,1,0,0,0,0,0,0,2021,69.1,59.6,0,0,318,0.55078125
"944",0,0,0,1,0,0,0,0,0,0,0,0,1,0,0,0,0,0,0,2021,34,31.6,0.03,0,184,0.02734375
"945",0,0,0,0,0,1,0,0,0,0,0,0,1,0,0,0,0,0,0,2021,70.4,65.6,0,0,322,0.56640625
"946",0,1,0,0,0,0,0,0,0,0,0,0,1,0,0,0,0,0,0,2022,79.1,75.7,0,0,267,0.407821229050279
"947",0,0,0,1,0,0,0,0,0,0,0,0,1,0,0,0,0,0,0,2022,34.9,20.8,0,0,244,0.279329608938547
"948",0,0,0,1,0,0,0,0,0,0,0,0,1,0,0,0,0,0,0,2022,27.3,13.5,0.01,0,270,0.424581005586592
"949",0,0,0,0,0,0,0,0,0,0,0,1,1,0,0,0,0,0,0,2022,71.1,63.8,0,0,295,0.564245810055866
"950",0,0,0,0,0,1,0,0,0,0,0,0,1,0,0,0,0,0,0,2022,67.5,56.5,0,0,250,0.312849162011173
"951",0,0,0,0,0,0,0,0,0,0,0,1,1,0,0,0,0,0,0,2022,72.7,63.8,0,0,260,0.368715083798883
"952",0,0,0,0,0,0,0,1,0,0,0,0,1,0,0,0,0,0,0,2022,45.5,37.3,0.02,0,267,0.407821229050279
"953",0,1,0,0,0,0,0,0,0,0,0,0,1,0,0,0,0,0,0,2022,71.4,64.2,0,0,284,0.502793296089385
"954",0,0,0,0,0,0,0,0,0,1,0,0,1,0,0,0,0,0,0,2023,41.2,29.6,0,0,233,0.315151515151515
"955",0,0,0,0,0,0,0,0,1,0,0,0,1,0,0,0,0,0,0,2023,59,50.8,0,0,267,0.521212121212121
"956",0,0,0,0,0,0,0,0,0,0,1,0,1,0,0,0,0,0,0,2023,53,48,0.41,0,285,0.63030303030303
"957",0,0,1,0,0,0,0,0,0,0,0,0,1,0,0,0,0,0,0,2023,50.3,49.5,0,1,216,0.212121212121212
"958",0,0,0,0,1,0,0,0,0,0,0,0,1,0,0,0,0,0,0,2023,36.9,27.6,0,0,188,0.0424242424242424
"959",0,0,1,0,0,0,0,0,0,0,0,0,1,0,0,0,0,0,0,2023,46.8,42.2,0,0,239,0.351515151515152
"960",0,0,0,0,1,0,0,0,0,0,0,0,1,0,0,0,0,0,0,2023,36.2,27.7,0,0,243,0.375757575757576
"961",0,1,0,0,0,0,0,0,0,0,0,0,1,0,0,0,0,0,0,2023,68.9,67,0.01,1,249,0.412121212121212
"962",0,0,0,1,0,0,0,0,0,0,0,0,1,0,0,0,0,0,0,2021,41.6,38.8,0.17,0,212,0.13671875
"963",0,0,0,0,0,1,0,0,0,0,0,0,1,0,0,0,0,0,0,2021,74.5,71.5,0,1,310,0.51953125
"964",0,0,0,0,0,0,0,0,0,0,0,1,1,0,0,0,0,0,0,2021,72.6,65.1,0,0,321,0.5625
"965",0,0,0,0,0,0,0,0,0,0,1,0,1,0,0,0,0,0,0,2021,68.9,64.2,0,0,328,0.58984375
"966",0,0,0,0,1,0,0,0,0,0,0,0,1,0,0,0,0,0,0,2021,24.7,7.5,0,0,212,0.13671875
"967",0,0,0,0,0,0,0,0,0,0,1,0,1,0,0,0,0,0,0,2021,55.1,38.6,0,0,236,0.23046875
"968",0,0,0,0,0,0,0,1,0,0,0,0,1,0,0,0,0,0,0,2022,30.7,15,0.89,0,274,0.446927374301676
"969",0,0,1,0,0,0,0,0,0,0,0,0,1,0,0,0,0,0,0,2022,40.1,27.6,0,0,241,0.262569832402235
"970",0,0,0,0,0,0,1,0,0,0,0,0,1,0,0,0,0,0,0,2022,62.6,51.2,0,1,299,0.58659217877095
"971",1,0,0,0,0,0,0,0,0,0,0,0,1,0,0,0,0,0,0,2022,44.5,38.3,0,0,257,0.35195530726257
"972",0,0,0,0,0,0,0,0,0,1,0,0,1,0,0,0,0,0,0,2022,54.9,45.8,0,0,238,0.245810055865922
"973",0,0,0,1,0,0,0,0,0,0,0,0,1,0,0,0,0,0,0,2022,40.3,31.1,0,0,229,0.195530726256983
"974",0,0,0,0,0,0,1,0,0,0,0,0,1,0,0,0,0,0,0,2022,67.4,65.2,0,1,343,0.832402234636871
"975",0,0,0,0,0,1,0,0,0,0,0,0,1,0,0,0,0,0,0,2022,76.5,74.6,0,1,265,0.396648044692737
"976",0,0,0,0,0,1,0,0,0,0,0,0,1,0,0,0,0,0,0,2023,68.4,61.3,0.07,0,256,0.454545454545455
"977",0,0,1,0,0,0,0,0,0,0,0,0,1,0,0,0,0,0,0,2023,38.8,29,0.02,0,186,0.0303030303030303
"978",0,1,0,0,0,0,0,0,0,0,0,0,1,0,0,0,0,0,0,2023,69.7,63,0,0,261,0.484848484848485
"979",0,0,0,0,0,0,0,0,1,0,0,0,1,0,0,0,0,0,0,2022,52.2,40.4,0,0,278,0.46927374301676
"980",0,0,1,0,0,0,0,0,0,0,0,0,1,0,0,0,0,0,0,2022,42.4,35.3,0.02,0,234,0.223463687150838
"981",0,0,0,0,0,1,0,0,0,0,0,0,1,0,0,0,0,0,0,2022,73.9,70.9,0,1,281,0.486033519553073
"982",1,0,0,0,0,0,0,0,0,0,0,0,1,0,0,0,0,0,0,2022,49.1,37.9,0,0,285,0.508379888268156
"983",0,0,0,0,0,0,1,0,0,0,0,0,1,0,0,0,0,0,0,2022,58.2,50.4,0.5,0,305,0.620111731843575
"984",0,0,1,0,0,0,0,0,0,0,0,0,1,0,0,0,0,0,0,2021,45.6,41.7,0.01,1,291,0.4453125
"985",0,0,1,0,0,0,0,0,0,0,0,0,1,0,0,0,0,0,0,2021,42.8,36.7,0.25,1,186,0.03515625
"986",0,1,0,0,0,0,0,0,0,0,0,0,1,0,0,0,0,0,0,2021,75.2,72.1,0,0,257,0.3125
"987",0,0,0,0,0,0,0,0,0,0,1,0,1,0,0,0,0,0,0,2021,63.3,56.4,0,0,269,0.359375
"988",0,0,0,0,0,0,0,0,0,0,0,1,1,0,0,0,0,0,0,2022,68,60.8,0,0,251,0.318435754189944
"989",0,0,0,0,0,0,0,0,0,0,0,1,1,0,0,0,0,0,0,2022,64.5,56.9,0,0,284,0.502793296089385
"990",0,0,0,0,1,0,0,0,0,0,0,0,1,0,0,0,0,0,0,2022,33.6,22.7,0,0,229,0.195530726256983
"991",0,0,0,0,0,0,1,0,0,0,0,0,1,0,0,0,0,0,0,2022,65,63.2,0.01,1,275,0.452513966480447
"992",0,1,0,0,0,0,0,0,0,0,0,0,1,0,0,0,0,0,0,2022,71.3,66.9,0,1,272,0.435754189944134
"993",0,0,0,0,1,0,0,0,0,0,0,0,1,0,0,0,0,0,0,2022,25.2,14.5,0,0,266,0.402234636871508
"994",0,0,0,0,0,0,0,0,0,0,1,0,1,0,0,0,0,0,0,2022,59.7,57.2,0.01,0,241,0.262569832402235
"995",0,0,0,0,0,0,0,0,0,1,0,0,1,0,0,0,0,0,0,2022,59.3,57.1,0.09,1,237,0.240223463687151
"996",0,0,0,1,0,0,0,0,0,0,0,0,1,0,0,0,0,0,0,2023,38.2,31.9,0,0,209,0.16969696969697
"997",0,0,0,0,0,1,0,0,0,0,0,0,1,0,0,0,0,0,0,2021,68.9,63,0,1,263,0.3359375
"998",0,0,0,0,0,0,1,0,0,0,0,0,1,0,0,0,0,0,0,2021,70.9,68.6,0,1,333,0.609375
"999",0,0,0,0,0,0,0,1,0,0,0,0,1,0,0,0,0,0,0,2023,46.5,42.5,0.09,1,284,0.624242424242424
"1000",0,0,0,0,1,0,0,0,0,0,0,0,1,0,0,0,0,0,0,2023,43.9,39.6,0,0,215,0.206060606060606
"1001",0,0,0,0,0,0,0,0,0,0,0,1,1,0,0,0,0,0,0,2023,65.1,57.4,0,0,213,0.193939393939394
"1002",0,0,0,0,0,1,0,0,0,0,0,0,1,0,0,0,0,0,0,2023,69.9,68.6,0,1,242,0.36969696969697
"1003",0,0,0,0,0,0,0,0,0,1,0,0,1,0,0,0,0,0,0,2023,35.5,28.8,0,0,209,0.16969696969697
"1004",0,0,1,0,0,0,0,0,0,0,0,0,1,0,0,0,0,0,0,2021,50.9,36.1,0.44,0,266,0.34765625
"1005",0,0,0,0,0,0,1,0,0,0,0,0,1,0,0,0,0,0,0,2021,70.2,60.2,0,0,367,0.7421875
"1006",0,0,0,0,0,0,0,0,0,0,1,0,1,0,0,0,0,0,0,2021,64.9,56.3,0.13,0,319,0.5546875
"1007",1,0,0,0,0,0,0,0,0,0,0,0,1,0,0,0,0,0,0,2021,47.9,44.8,0.07,0,273,0.375
"1008",1,0,0,0,0,0,0,0,0,0,0,0,1,0,0,0,0,0,0,2021,47.2,38.8,0.11,0,258,0.31640625
"1009",0,0,1,0,0,0,0,0,0,0,0,0,1,0,0,0,0,0,0,2021,44.1,28.3,0,0,255,0.3046875
"1010",0,0,0,0,1,0,0,0,0,0,0,0,1,0,0,0,0,0,0,2021,22.2,13.6,0,0,297,0.46875
"1011",0,0,0,0,0,0,0,0,0,1,0,0,1,0,0,0,0,0,0,2022,65.9,63,0,0,232,0.212290502793296
"1012",0,0,0,0,0,0,0,0,1,0,0,0,1,0,0,0,0,0,0,2022,63.8,56.2,0,1,282,0.491620111731844
"1013",1,0,0,0,0,0,0,0,0,0,0,0,1,0,0,0,0,0,0,2022,48.7,35,0,0,271,0.430167597765363
"1014",0,0,0,0,0,0,0,0,0,0,1,0,1,0,0,0,0,0,0,2022,60.7,56.3,2.44,0,246,0.290502793296089
"1015",0,0,0,0,0,0,0,0,1,0,0,0,1,0,0,0,0,0,0,2022,60.7,57.1,0.48,0,319,0.698324022346369
"1016",0,0,0,0,0,0,0,1,0,0,0,0,1,0,0,0,0,0,0,2022,46.4,42.9,0.01,1,237,0.240223463687151
"1017",0,1,0,0,0,0,0,0,0,0,0,0,1,0,0,0,0,0,0,2021,68.4,61.5,0,0,358,0.70703125
"1018",0,0,0,0,0,0,0,1,0,0,0,0,1,0,0,0,0,0,0,2023,39.6,30.9,0.24,0,213,0.193939393939394
"1019",1,0,0,0,0,0,0,0,0,0,0,0,1,0,0,0,0,0,0,2023,51.9,50.1,0.05,1,284,0.624242424242424
"1020",0,0,0,0,0,1,0,0,0,0,0,0,1,0,0,0,0,0,0,2023,66.8,66.2,0,1,245,0.387878787878788
"1021",0,0,0,0,0,0,1,0,0,0,0,0,1,0,0,0,0,0,0,2023,49.9,44.8,0.01,0,256,0.454545454545455
"1022",0,0,0,0,0,0,0,0,0,0,1,0,1,0,0,0,0,0,0,2023,57.4,46.9,0.76,0,263,0.496969696969697
"1023",0,0,0,0,0,0,0,0,1,0,0,0,1,0,0,0,0,0,0,2023,59.9,56.6,0.67,1,284,0.624242424242424
"1024",1,0,0,0,0,0,0,0,0,0,0,0,1,0,0,0,0,0,0,2021,48.2,47.3,0,1,215,0.1484375
"1025",0,1,0,0,0,0,0,0,0,0,0,0,1,0,0,0,0,0,0,2021,77,62.7,0,0,314,0.53515625
"1026",0,0,0,0,1,0,0,0,0,0,0,0,1,0,0,0,0,0,0,2023,37.7,35.7,0.51,0,193,0.0727272727272727
"1027",0,0,0,0,0,0,0,0,0,1,0,0,1,0,0,0,0,0,0,2021,37.8,25,0,0,271,0.3671875
"1028",0,0,0,1,0,0,0,0,0,0,0,0,1,0,0,0,0,0,0,2023,39.2,31.5,0,0,241,0.363636363636364
"1029",0,0,0,0,0,0,0,0,0,0,1,0,1,0,0,0,0,0,0,2023,61.1,57.5,0.65,0,245,0.387878787878788
"1030",0,1,0,0,0,0,0,0,0,0,0,0,1,0,0,0,0,0,0,2022,70,62.1,0,0,305,0.620111731843575
"1031",1,0,0,0,0,0,0,0,0,0,0,0,1,0,0,0,0,0,0,2022,48.8,39.8,0.21,0,241,0.262569832402235
"1032",0,0,0,0,0,0,0,0,1,0,0,0,1,0,0,0,0,0,0,2022,57.9,56.4,0.34,1,306,0.625698324022346
"1033",0,0,1,0,0,0,0,0,0,0,0,0,1,0,0,0,0,0,0,2022,45.8,31.6,0.12,0,255,0.340782122905028
"1034",0,0,0,0,0,1,0,0,0,0,0,0,1,0,0,0,0,0,0,2022,71.3,67.3,1.65,0,250,0.312849162011173
"1035",0,0,0,0,1,0,0,0,0,0,0,0,1,0,0,0,0,0,0,2022,20.8,9.5,0.41,0,224,0.167597765363128
"1036",0,0,0,0,0,0,0,0,0,0,1,0,1,0,0,0,0,0,0,2022,61.2,57.7,0,1,248,0.301675977653631
"1037",0,0,0,0,0,0,0,0,1,0,0,0,1,0,0,0,0,0,0,2021,59.1,48.9,0,0,337,0.625
"1038",0,0,0,0,0,0,0,0,0,0,1,0,1,0,0,0,0,0,0,2021,63.1,58.5,0.8,0,362,0.72265625
"1039",0,0,0,1,0,0,0,0,0,0,0,0,1,0,0,0,0,0,0,2021,26.8,16.8,0,0,208,0.12109375
"1040",0,0,0,0,0,1,0,0,0,0,0,0,1,0,0,0,0,0,0,2022,74.8,64.8,0,0,288,0.525139664804469
"1041",0,0,0,0,0,0,0,0,0,0,1,0,1,0,0,0,0,0,0,2022,53.5,49.4,0,1,290,0.536312849162011
"1042",0,0,0,0,1,0,0,0,0,0,0,0,1,0,0,0,0,0,0,2022,41.5,32.3,0,0,234,0.223463687150838
"1043",0,0,0,0,0,0,0,0,1,0,0,0,1,0,0,0,0,0,0,2022,48.6,37.7,0.07,0,260,0.368715083798883
"1044",0,0,0,0,0,0,0,1,0,0,0,0,1,0,0,0,0,0,0,2022,51.8,48.1,0.14,1,259,0.363128491620112
"1045",0,0,0,0,0,0,0,0,0,0,1,0,1,0,0,0,0,0,0,2022,54.6,41.5,0.02,0,243,0.273743016759777
"1046",0,0,0,0,0,0,0,0,0,0,0,1,1,0,0,0,0,0,0,2023,61.2,60.6,1.55,0,279,0.593939393939394
"1047",0,0,0,0,1,0,0,0,0,0,0,0,1,0,0,0,0,0,0,2021,40.8,31,0.62,0,210,0.12890625
"1048",0,0,0,0,0,0,0,0,0,1,0,0,1,0,0,0,0,0,0,2021,52.3,42.2,0,0,273,0.375
"1049",0,0,0,0,0,0,0,0,1,0,0,0,1,0,0,0,0,0,0,2021,51.7,44,0,0,266,0.34765625
"1050",0,0,0,0,0,0,0,0,0,1,0,0,1,0,0,0,0,0,0,2021,49.4,35.2,0.05,0,269,0.359375
"1051",0,0,0,1,0,0,0,0,0,0,0,0,1,0,0,0,0,0,0,2023,27.9,22.9,0,0,232,0.309090909090909
"1052",0,0,0,0,0,0,0,0,1,0,0,0,1,0,0,0,0,0,0,2023,57.6,45.8,0,0,292,0.672727272727273
"1053",0,0,1,0,0,0,0,0,0,0,0,0,1,0,0,0,0,0,0,2023,46.6,46,0.1,1,260,0.478787878787879
"1054",0,0,0,0,0,0,0,1,0,0,0,0,1,0,0,0,0,0,0,2023,37.7,31,0.02,0,264,0.503030303030303
"1055",0,0,0,0,0,0,0,0,0,1,0,0,1,0,0,0,0,0,0,2023,53,48,0,0,238,0.345454545454545
"1056",0,0,0,1,0,0,0,0,0,0,0,0,1,0,0,0,0,0,0,2021,35.1,31.2,0,1,243,0.2578125
"1057",0,0,0,0,0,0,0,0,1,0,0,0,1,0,0,0,0,0,0,2021,49.6,47.9,0.17,1,256,0.30859375
"1058",0,0,0,0,0,0,0,1,0,0,0,0,1,0,0,0,0,0,0,2021,28.7,15.7,0,0,216,0.15234375
"1059",0,0,0,0,0,0,0,0,0,0,0,1,1,0,0,0,0,0,0,2021,70.3,63.1,0,0,293,0.453125
"1060",0,0,0,0,0,0,1,0,0,0,0,0,1,0,0,0,0,0,0,2021,69.5,63.9,0.01,0,323,0.5703125
"1061",0,0,0,0,0,0,1,0,0,0,0,0,1,0,0,0,0,0,0,2021,63.5,57.4,0.13,0,330,0.59765625
"1062",0,0,0,0,1,0,0,0,0,0,0,0,1,0,0,0,0,0,0,2023,50.3,46.4,0.63,1,275,0.56969696969697
"1063",0,0,0,0,0,1,0,0,0,0,0,0,1,0,0,0,0,0,0,2023,71.5,70.6,0.01,1,284,0.624242424242424
"1064",0,0,0,0,0,0,1,0,0,0,0,0,1,0,0,0,0,0,0,2023,61.1,58,0.17,0,315,0.812121212121212
"1065",0,0,0,0,0,0,0,0,1,0,0,0,1,0,0,0,0,0,0,2023,52.9,39.8,0,0,290,0.660606060606061
"1066",0,0,0,0,0,0,1,0,0,0,0,0,1,0,0,0,0,0,0,2023,65.5,65.2,0.13,1,288,0.648484848484848
"1067",0,1,0,0,0,0,0,0,0,0,0,0,1,0,0,0,0,0,0,2023,70.5,61.8,0,0,268,0.527272727272727
"1068",0,0,0,0,0,1,0,0,0,0,0,0,1,0,0,0,0,0,0,2021,62.9,57.6,0.05,0,289,0.4375
"1069",0,1,0,0,0,0,0,0,0,0,0,0,1,0,0,0,0,0,0,2021,75.4,67.9,0,0,314,0.53515625
"1070",0,0,0,0,0,1,0,0,0,0,0,0,1,0,0,0,0,0,0,2023,72.1,65.7,0,1,249,0.412121212121212
"1071",1,0,0,0,0,0,0,0,0,0,0,0,1,0,0,0,0,0,0,2023,47,36.5,0.31,1,246,0.393939393939394
"1072",0,0,0,0,0,0,0,1,0,0,0,0,1,0,0,0,0,0,0,2023,38,23.3,0.01,0,248,0.406060606060606
"1073",0,0,0,1,0,0,0,0,0,0,0,0,1,0,0,0,0,0,0,2023,36.3,27.4,0,0,207,0.157575757575758
"1074",1,0,0,0,0,0,0,0,0,0,0,0,1,0,0,0,0,0,0,2023,56.1,53.8,0.46,1,222,0.248484848484848
"1075",0,0,0,0,0,0,0,0,0,1,0,0,1,0,0,0,0,0,0,2023,44.3,32.3,0,0,276,0.575757575757576
"1076",0,0,0,0,0,0,0,0,0,0,1,0,1,0,0,0,0,0,0,2023,59.4,53.1,0.18,0,225,0.266666666666667
"1077",0,0,0,0,0,0,0,0,0,0,0,1,1,0,0,0,0,0,0,2023,67.7,64.1,0,0,259,0.472727272727273
"1078",1,0,0,0,0,0,0,0,0,0,0,0,1,0,0,0,0,0,0,2023,40.9,22.6,0,0,210,0.175757575757576
"1079",0,0,0,0,0,0,0,1,0,0,0,0,1,0,0,0,0,0,0,2021,39.8,25.1,0,0,244,0.26171875
"1080",0,0,0,0,0,0,0,0,0,1,0,0,1,0,0,0,0,0,0,2021,44.6,35.4,0,0,265,0.34375
"1081",0,0,0,0,0,0,0,0,0,0,0,1,1,0,0,0,0,0,0,2021,70,64.1,0.39,1,314,0.53515625
"1082",0,0,0,0,1,0,0,0,0,0,0,0,1,0,0,0,0,0,0,2021,41.1,32.3,0,0,186,0.03515625
"1083",0,0,0,0,1,0,0,0,0,0,0,0,1,0,0,0,0,0,0,2021,35.6,29.2,0,0,177,0
"1084",0,0,0,0,0,0,0,0,1,0,0,0,1,0,0,0,0,0,0,2021,67.6,59,0,0,330,0.59765625
"1085",0,0,0,0,0,0,0,0,0,0,1,0,1,0,0,0,0,0,0,2023,56.8,49.8,0,0,247,0.4
"1086",1,0,0,0,0,0,0,0,0,0,0,0,1,0,0,0,0,0,0,2023,49.6,45.5,0,0,269,0.533333333333333
"1087",0,0,0,0,0,0,0,0,0,0,0,1,1,0,0,0,0,0,0,2023,69,68.8,0,1,242,0.36969696969697
