"","day_reordered","temp","dewp","prcp","fog","NUM_COLLISIONS","NUM_COLLISIONS_norm"
"1",3,69.7,62.5,0,0,241,0.262569832402235
"2",3,70.2,62,0,0,254,0.335195530726257
"3",3,65.6,65.1,0,1,264,0.503030303030303
"4",3,36.2,33,0.39,0,217,0.218181818181818
"5",3,41.1,35,0,0,242,0.36969696969697
"6",3,63.2,52.3,0,0,311,0.653631284916201
"7",3,47.9,35.9,0,1,240,0.24609375
"8",3,65.7,60.1,0.31,0,297,0.46875
"9",3,56.6,53.8,0,0,286,0.513966480446927
"10",3,79.6,75.5,0,0,318,0.692737430167598
"11",3,61.4,57.4,0,0,263,0.385474860335196
"12",3,61.9,50,0.03,0,281,0.486033519553073
"13",3,64.9,63.6,0.86,1,296,0.569832402234637
"14",3,70.3,59.9,0,0,261,0.484848484848485
"15",3,51.1,50.2,0,1,255,0.448484848484848
"16",3,42.3,38.1,0,1,255,0.448484848484848
"17",3,48.4,43.7,0,0,278,0.587878787878788
"18",3,54.5,50.1,0.48,1,261,0.484848484848485
"19",3,72.9,69,0,0,379,0.7890625
"20",3,45.3,39.7,0,0,264,0.33984375
"21",3,42.5,36.1,0.01,0,323,0.5703125
"22",3,57.9,56.1,0.81,1,275,0.3828125
"23",3,75.2,70.6,0,1,323,0.5703125
"24",3,64.2,61.6,0.16,0,290,0.44140625
"25",3,57.2,46.1,0.03,0,324,0.726256983240223
"26",3,36.9,16.5,0,0,306,0.625698324022346
"27",3,61.2,53.5,0,1,334,0.782122905027933
"28",3,69.2,65.6,0,0,303,0.608938547486033
"29",3,71.2,69.8,0,1,249,0.307262569832402
"30",3,45,35.8,0.17,0,289,0.53072625698324
"31",3,34.1,13.6,0.01,0,299,0.58659217877095
"32",3,60.6,56.6,0,1,255,0.340782122905028
"33",3,48.6,33.1,0,0,283,0.497206703910615
"34",3,47.8,34.1,0,0,256,0.346368715083799
"35",3,31,9.9,0,0,278,0.46927374301676
"36",3,36.5,19.4,0,0,287,0.642424242424242
"37",3,58.6,51.5,0.17,0,300,0.721212121212121
"38",3,58.3,44.5,0,0,195,0.0848484848484849
"39",3,61.8,59.5,0,0,289,0.654545454545455
"40",3,42.2,38.9,0.53,0,264,0.503030303030303
"41",3,45.2,44.4,0.67,1,254,0.442424242424242
"42",3,50.8,46.8,0.13,0,265,0.509090909090909
"43",3,70.8,69.3,0.04,0,274,0.563636363636364
"44",3,47,31.5,0,0,239,0.251396648044693
"45",3,48.7,36.2,0.02,0,293,0.553072625698324
"46",3,35.8,24.2,0,0,292,0.44921875
"47",3,41.2,37.8,0.4,0,242,0.25390625
"48",3,70.8,66.8,0.2,0,314,0.670391061452514
"49",3,58.5,48.7,0,0,216,0.122905027932961
"50",3,49.2,43.3,0,0,282,0.491620111731844
"51",3,45.7,38.4,0.41,0,203,0.0502793296089385
"52",3,34.5,23.8,0,0,238,0.245810055865922
"53",3,55.8,54.3,0.31,1,298,0.581005586592179
"54",3,66.2,63.4,0,0,280,0.480446927374302
"55",3,49.4,46.9,0.04,1,329,0.754189944134078
"56",3,67.4,64.3,0.77,1,319,0.698324022346369
"57",3,38.4,24.4,0.04,0,265,0.396648044692737
"58",3,40.7,28.9,0,0,311,0.653631284916201
"59",3,73.1,72.1,0,1,303,0.608938547486033
"60",3,29.7,22.4,0.1,0,305,0.620111731843575
"61",3,22.9,6.6,0,0,312,0.659217877094972
"62",3,40,34.3,0,0,317,0.824242424242424
"63",3,42,27,0,0,257,0.460606060606061
"64",3,32.6,22.7,0,0,250,0.28515625
"65",3,50.9,43.1,0,0,320,0.55859375
"66",3,47.9,33.5,0.04,0,302,0.48828125
"67",3,51.4,39.6,0.02,0,343,0.6484375
"68",3,72.4,68.1,0,0,339,0.6328125
"69",3,70.1,66.8,0,0,249,0.412121212121212
"70",3,43.7,35.3,0,0,265,0.509090909090909
"71",3,52.8,44.3,0,0,283,0.618181818181818
"72",3,54.8,43.6,0,0,265,0.509090909090909
"73",3,22.1,6.4,0,0,253,0.296875
"74",3,73.8,69.7,0,1,328,0.58984375
"75",3,52.6,45.8,0.01,0,345,0.65625
"76",3,42.9,34.5,0,0,194,0
"77",3,70.6,66.3,0,0,259,0.363128491620112
"78",3,72.7,68.6,0.03,0,294,0.558659217877095
"79",3,72.1,59.1,0.01,0,255,0.340782122905028
"80",3,39,29.6,0,0,269,0.418994413407821
"81",3,43.5,43,0,0,224,0.18359375
"82",3,27.6,20.5,0.78,0,301,0.484375
"83",3,65,60.7,0,1,381,0.796875
"84",3,68.2,57,0.01,0,325,0.578125
"85",3,70.5,67.6,0,1,303,0.4921875
"86",3,74.9,70.4,0,1,359,0.7109375
"87",3,26.6,12.3,0,0,260,0.32421875
"88",3,72.4,63,0,0,325,0.578125
"89",3,55.9,49.1,0.61,0,286,0.636363636363636
"90",3,39.7,29.6,0,0,305,0.751515151515151
"91",3,71.3,70.2,0.57,1,311,0.787878787878788
"92",3,49.9,36.9,1.02,0,300,0.48046875
"93",3,69.1,66.1,0,1,361,0.71875
"94",3,63,52.1,0,0,317,0.546875
"95",3,59.3,46.4,0.43,0,331,0.6015625
"96",3,61.1,55,0.03,0,261,0.484848484848485
"97",3,52.3,48.3,0.02,0,253,0.436363636363636
"98",3,44.6,39.2,0.02,1,232,0.309090909090909
"99",3,41.7,27.6,0,0,316,0.818181818181818
"100",3,63.6,57.7,0.14,0,322,0.56640625
"101",3,32.6,27.9,0,0,238,0.23828125
"102",3,72.2,68.9,0,0,299,0.4765625
"103",3,42.6,31,0,0,225,0.1875
"104",3,61.6,59.6,0.06,0,236,0.333333333333333
"105",3,45.8,37.9,0.2,0,206,0.151515151515152
"106",3,51.6,49.7,0.33,0,295,0.690909090909091
"107",3,68.9,68.8,0,1,294,0.684848484848485
"108",3,70,65.9,0,0,265,0.509090909090909
"109",3,69.7,64.3,0,0,260,0.368715083798883
"110",3,46,30,0.42,0,264,0.391061452513966
"111",3,41.9,34.4,0,0,276,0.458100558659218
"112",3,33.7,29.5,0,0,239,0.2421875
"113",3,75.6,72.8,0,1,293,0.453125
"114",3,65.4,58.5,0,1,329,0.59375
"115",3,54.9,45,0,0,329,0.59375
"116",3,49.8,44.9,0.83,0,279,0.3984375
"117",3,72,68,0,0,294,0.558659217877095
"118",3,56,48.7,0.68,0,254,0.335195530726257
"119",3,68.1,61.2,0,0,279,0.474860335195531
"120",3,77.2,74.5,0,0,279,0.474860335195531
"121",3,38.9,24.3,0,0,277,0.463687150837989
"122",3,40.7,32.5,0.01,0,282,0.491620111731844
"123",3,49,34,0,0,295,0.564245810055866
"124",3,39.7,32.8,0.29,1,208,0.0782122905027933
"125",3,50.1,47.2,0.19,1,302,0.733333333333333
"126",3,33.3,21.8,0,0,246,0.393939393939394
"127",3,55.9,51.8,0.13,0,314,0.53515625
"128",3,57.4,45.3,0,0,322,0.56640625
"129",3,37,36.1,0,0,208,0.12109375
"130",3,68.5,65.7,0,0,245,0.387878787878788
"131",3,54.4,53.5,0.19,0,297,0.703030303030303
"132",3,40.3,24.5,0,0,260,0.478787878787879
"133",3,46.2,36.4,0,0,295,0.4609375
"134",3,70.2,60.2,0,0,301,0.484375
"135",3,32.4,25.3,0,0,245,0.265625
"136",3,58,43.1,0.09,0,318,0.55078125
"137",3,38,28.4,0.03,0,207,0.1171875
"138",3,73.8,66.5,0,0,378,0.78515625
"139",3,61.1,55.5,0.25,0,330,0.59765625
"140",3,67,66.3,0,1,289,0.654545454545455
"141",3,70.8,66.4,0.01,1,270,0.539393939393939
"142",3,57.5,50.5,0,0,320,0.55859375
"143",3,56.3,47.1,0,0,316,0.54296875
"144",3,64.8,63.2,0,0,280,0.6
"145",3,59.2,49.8,0,0,250,0.418181818181818
"146",3,71.1,68.2,0,0,254,0.442424242424242
"147",3,43.3,32.6,0,0,218,0.224242424242424
"148",3,66.2,63.4,0,0,233,0.315151515151515
"149",3,56,54.9,0.05,1,283,0.618181818181818
"150",3,45.9,36.2,0,0,268,0.35546875
"151",3,54.1,46,0.21,0,291,0.666666666666667
"152",3,46.2,44.7,0.17,1,186,0.0303030303030303
"153",3,60.7,55.8,0,0,276,0.575757575757576
"154",3,48.1,45.2,0.4,1,271,0.545454545454545
"155",4,42.6,29.7,0,0,298,0.581005586592179
"156",4,36.9,24.9,0,0,266,0.402234636871508
"157",4,75.2,72.9,0,1,283,0.497206703910615
"158",4,64.5,60.8,0.14,0,250,0.312849162011173
"159",4,56.5,35.8,0,0,231,0.206703910614525
"160",4,60.1,52.7,0.02,0,268,0.527272727272727
"161",4,45.2,40.2,0,0,295,0.564245810055866
"162",4,46.8,36.8,0.01,0,240,0.256983240223464
"163",4,30.2,20.6,0.05,0,255,0.340782122905028
"164",4,49.6,43.5,0.64,0,256,0.346368715083799
"165",4,71.6,66.5,0,0,326,0.58203125
"166",4,43.1,27.3,0.21,0,340,0.63671875
"167",4,43.1,38.3,0.05,0,221,0.171875
"168",4,53.1,47.9,0,1,327,0.5859375
"169",4,37,29.1,0,0,279,0.3984375
"170",4,41.8,41.6,1.09,1,238,0.23828125
"171",4,36.2,19.8,0.6,0,258,0.357541899441341
"172",4,45.7,43.2,0.73,1,279,0.474860335195531
"173",4,76.6,70,0.23,0,276,0.458100558659218
"174",4,46.2,24.9,0,0,290,0.536312849162011
"175",4,62.7,57.9,0,0,307,0.631284916201117
"176",4,66.7,66.4,0,1,223,0.254545454545455
"177",4,49.1,38.4,0.01,0,274,0.563636363636364
"178",4,59.7,54.6,0.04,0,272,0.551515151515152
"179",4,53.8,49.9,0.03,0,273,0.557575757575758
"180",4,35.8,23.9,0,0,261,0.328125
"181",4,46.8,31.3,0.03,0,321,0.5625
"182",4,72.4,65.6,0,0,296,0.46484375
"183",4,52.6,36.4,0,0,276,0.38671875
"184",4,73.5,68.9,0,0,350,0.67578125
"185",4,62.5,60.9,0.17,0,279,0.474860335195531
"186",4,69,65.6,0.01,0,339,0.810055865921788
"187",4,49.7,45,0,0,318,0.692737430167598
"188",4,50,38.5,0,0,296,0.569832402234637
"189",4,68,66.1,0.02,1,295,0.564245810055866
"190",4,30.5,9,0,0,272,0.435754189944134
"191",4,41.6,31.8,0,0,235,0.229050279329609
"192",4,50.8,44.3,0,0,312,0.659217877094972
"193",4,58.9,53.5,0,1,278,0.46927374301676
"194",4,45.6,43.3,0,1,225,0.266666666666667
"195",4,40.5,25.3,0.1,0,229,0.290909090909091
"196",4,48.9,44.6,0,1,257,0.460606060606061
"197",4,52.7,37.5,0,0,298,0.709090909090909
"198",4,70.8,67.8,0,0,301,0.727272727272727
"199",4,38.1,18.4,0,0,273,0.557575757575758
"200",4,51.5,45.9,0.02,0,244,0.381818181818182
"201",4,57.3,51.1,0,0,286,0.636363636363636
"202",4,31.7,13.7,0,0,248,0.301675977653631
"203",4,69.7,65.2,0,0,283,0.497206703910615
"204",4,80.4,76.3,0,0,284,0.502793296089385
"205",4,51.3,45.7,0.56,0,282,0.491620111731844
"206",4,71.3,66,0,0,267,0.407821229050279
"207",4,51.7,50.3,0.7,1,345,0.65625
"208",4,42.7,42.7,0.02,1,213,0.140625
"209",4,69.3,65.1,0,1,313,0.53125
"210",4,74.8,71.6,0.13,0,293,0.553072625698324
"211",4,59.1,53.2,0.06,1,315,0.675977653631285
"212",4,68.9,64,0,0,228,0.189944134078212
"213",4,60.1,55.8,0.05,0,270,0.424581005586592
"214",4,69.9,65.8,0,0,288,0.525139664804469
"215",4,61.3,54.6,0,0,317,0.687150837988827
"216",4,44.9,42.6,0,1,244,0.279329608938547
"217",4,33.8,23.3,0,0,274,0.446927374301676
"218",4,37.7,25.7,0.01,0,302,0.603351955307263
"219",4,69.2,63.1,0,0,291,0.541899441340782
"220",4,48.7,32.1,0,0,306,0.625698324022346
"221",4,46.8,36.3,0,0,252,0.324022346368715
"222",4,51.7,44.7,0,1,237,0.339393939393939
"223",4,57.7,52.7,0,0,280,0.6
"224",4,66.5,65.8,1.16,0,272,0.551515151515152
"225",4,34.6,25.5,0,0,258,0.466666666666667
"226",4,58.3,52.1,0,0,374,0.76953125
"227",4,55.4,46.9,0,0,354,0.69140625
"228",4,66.3,63.4,0.19,1,298,0.47265625
"229",4,39.5,28,1.04,0,313,0.8
"230",4,47.9,41.2,0,0,209,0.16969696969697
"231",4,40.3,31.9,0.14,0,259,0.472727272727273
"232",4,59.2,53.2,0.46,0,355,0.6953125
"233",4,46.5,30,0,0,259,0.363128491620112
"234",4,22.2,5,0.02,0,257,0.35195530726257
"235",4,36.5,24.7,0,0,213,0.106145251396648
"236",4,51.1,45.3,0,0,283,0.4140625
"237",4,43.7,35.5,0,0,281,0.40625
"238",4,56.4,39.8,0.02,0,302,0.48828125
"239",4,64.6,60.4,0.39,0,323,0.5703125
"240",4,41.8,35.1,0,0,266,0.515151515151515
"241",4,51.6,42.2,0,0,270,0.539393939393939
"242",4,42.1,36.4,0.01,0,246,0.393939393939394
"243",4,76.5,71.8,0,0,332,0.60546875
"244",4,37.1,22.6,0,0,282,0.41015625
"245",4,34.8,31.2,0.02,0,228,0.284848484848485
"246",4,39.3,27.7,0.02,0,252,0.43030303030303
"247",4,46,38.9,0.29,0,271,0.545454545454545
"248",4,53.8,48.2,0,0,262,0.490909090909091
"249",4,67.9,61.5,0,1,231,0.303030303030303
"250",4,26.1,8.7,0,0,268,0.35546875
"251",4,68,64.1,0,1,369,0.75
"252",4,77,70.2,0,1,310,0.51953125
"253",4,26.1,21.2,0,1,229,0.203125
"254",4,42.1,38.6,0.18,0,268,0.527272727272727
"255",4,40.8,37.5,0,0,226,0.272727272727273
"256",4,41.4,35.5,0,0,260,0.478787878787879
"257",4,46,45.1,0,1,188,0.0424242424242424
"258",4,69.6,60.3,0,0,280,0.6
"259",4,49,43.3,0,0,244,0.279329608938547
"260",4,69.7,59.6,0.08,1,315,0.675977653631285
"261",4,52.4,44.2,0.75,0,326,0.58203125
"262",4,72,70.4,0.02,1,326,0.737430167597765
"263",4,20.4,1,0.01,0,289,0.53072625698324
"264",4,74,72,0.49,1,273,0.441340782122905
"265",4,68.2,61.4,0.06,0,295,0.564245810055866
"266",4,56.3,46.5,0,0,278,0.46927374301676
"267",4,76,70.7,0,0,292,0.547486033519553
"268",4,64.3,57.4,0,0,354,0.893854748603352
"269",4,38.2,34.6,0,1,261,0.484848484848485
"270",4,49.7,44.6,0,0,305,0.751515151515151
"271",4,69.5,68.7,0.04,1,280,0.6
"272",4,28.4,14.5,0,0,237,0.234375
"273",4,69.9,60.9,0,0,286,0.42578125
"274",4,42.1,34.7,0,0,299,0.4765625
"275",4,69.5,58.8,0,0,342,0.64453125
"276",4,48.1,33.1,0,0,273,0.375
"277",4,38.5,35.3,0.81,0,240,0.24609375
"278",4,73.1,69.8,0,1,331,0.6015625
"279",4,63,56.9,0,0,321,0.5625
"280",4,74.3,69.2,0,1,286,0.42578125
"281",4,38.7,36.1,0.14,0,228,0.19921875
"282",4,70.9,69.3,0,0,240,0.357575757575758
"283",4,47.5,39,0,0,318,0.55078125
"284",4,45.9,27.2,0,0,315,0.5390625
"285",4,45.5,39.2,0,0,321,0.5625
"286",4,76.7,66.6,0,1,318,0.55078125
"287",4,64.5,61.9,0,1,355,0.6953125
"288",4,66.2,59.7,0,0,311,0.5234375
"289",4,59.5,53.5,0,0,313,0.8
"290",4,51.7,44.4,0,0,286,0.636363636363636
"291",4,65.9,62,0.01,0,285,0.63030303030303
"292",4,36.3,27.4,0.04,0,235,0.327272727272727
"293",4,69.6,68.6,0.44,0,254,0.442424242424242
"294",4,50.3,44.5,0,1,313,0.53125
"295",4,70.6,67,0,1,290,0.44140625
"296",4,63.3,59.7,0.97,0,318,0.55078125
"297",4,72.6,66.6,0,1,285,0.63030303030303
"298",4,71.1,69.6,0.03,1,246,0.393939393939394
"299",4,61.4,60.5,0.69,1,274,0.563636363636364
"300",4,56.2,51.5,0,0,238,0.345454545454545
"301",4,42.1,34,0,0,248,0.406060606060606
"302",4,71,65.2,0.02,1,276,0.575757575757576
"303",4,31.9,23.4,0,0,263,0.3359375
"304",4,48.9,32.1,0,0,322,0.56640625
"305",4,43.5,31.2,0,0,256,0.30859375
"306",4,71.4,61.8,0,0,337,0.625
"307",4,57.7,50.2,0.01,0,282,0.612121212121212
"308",4,37.3,30.8,0.01,0,256,0.454545454545455
"309",4,68.9,68,0.01,1,229,0.290909090909091
"310",5,77.1,71.4,0,0,290,0.536312849162011
"311",5,55.2,47.3,0.01,0,314,0.670391061452514
"312",5,30,18.8,0,0,250,0.312849162011173
"313",5,61.1,53.1,0.34,0,322,0.715083798882682
"314",5,41,24.3,0,0,273,0.441340782122905
"315",5,38.2,29.7,0.23,0,284,0.624242424242424
"316",5,69.2,68.3,0,1,260,0.478787878787879
"317",5,70.3,63.9,0.03,0,261,0.374301675977654
"318",5,77.7,72.5,0,0,324,0.726256983240223
"319",5,49.5,47,0.3,0,253,0.329608938547486
"320",5,37.1,18.9,0,0,368,0.74609375
"321",5,43.6,33.3,0.07,0,266,0.34765625
"322",5,50,37.5,0.24,0,321,0.5625
"323",5,47.2,45.6,0,0,268,0.35546875
"324",5,39.7,33.9,0,0,224,0.18359375
"325",5,38.2,26,0,0,244,0.26171875
"326",5,64.8,50.2,0,0,365,0.734375
"327",5,69.1,67.3,0,1,331,0.6015625
"328",5,63.9,61.4,0.12,1,311,0.653631284916201
"329",5,76.5,72.6,0.02,0,262,0.379888268156425
"330",5,75.4,69.8,0,0,307,0.631284916201117
"331",5,49.4,45.6,0,0,279,0.474860335195531
"332",5,38.1,30.1,0,0,268,0.41340782122905
"333",5,53.6,41.6,0,0,304,0.614525139664804
"334",5,68.3,67,0.6,1,266,0.402234636871508
"335",5,36.5,29.5,0.04,0,222,0.248484848484848
"336",5,47.5,44.9,0.19,0,276,0.575757575757576
"337",5,71.9,69.7,0.01,1,228,0.284848484848485
"338",5,66.8,65.8,0.53,1,241,0.363636363636364
"339",5,58.2,51.2,0.02,0,259,0.472727272727273
"340",5,39.1,30.8,0,0,283,0.618181818181818
"341",5,40.4,30.2,0.25,0,214,0.2
"342",5,41.2,37.7,0,0,264,0.503030303030303
"343",5,37.4,31.2,0.01,0,220,0.16796875
"344",5,78.2,71.3,0,0,336,0.62109375
"345",5,53.4,48.6,0,0,283,0.4140625
"346",5,38.3,27.4,0,0,221,0.150837988826816
"347",5,41.5,36.7,0,0,268,0.41340782122905
"348",5,66.8,62.2,0.04,1,304,0.614525139664804
"349",5,73.2,67.1,0.03,0,290,0.536312849162011
"350",5,36.3,24.3,0.01,0,272,0.435754189944134
"351",5,61.8,56.8,0,0,315,0.675977653631285
"352",5,74.7,64.5,0.04,0,287,0.519553072625698
"353",5,54.6,49.7,0.46,0,303,0.608938547486033
"354",5,49.1,45.8,0.16,1,300,0.592178770949721
"355",5,76,72,0,1,293,0.553072625698324
"356",5,62.5,56.6,0,0,265,0.396648044692737
"357",5,64.7,59,0,0,335,0.787709497206704
"358",5,44,32.5,0,0,264,0.503030303030303
"359",5,50.8,45.5,0.04,0,262,0.490909090909091
"360",5,51.4,41.3,0,0,267,0.521212121212121
"361",5,42.8,37.1,0,0,221,0.242424242424242
"362",5,68.6,67.9,0,1,278,0.587878787878788
"363",5,39.8,30.4,0,0,274,0.563636363636364
"364",5,55.8,51.1,0,0,266,0.515151515151515
"365",5,66.7,57.6,0,0,255,0.448484848484848
"366",5,50.2,33.8,0,0,297,0.575418994413408
"367",5,57.9,50.6,0.04,0,312,0.659217877094972
"368",5,35.5,20.7,0,0,255,0.340782122905028
"369",5,52.1,49,0.01,1,251,0.318435754189944
"370",5,34.7,25.5,0.01,0,253,0.296875
"371",5,42.2,29.5,0,0,285,0.421875
"372",5,43.9,36.4,0.01,0,192,0.05859375
"373",5,52.5,44.4,0.04,1,380,0.79296875
"374",5,31.3,15.1,0,0,266,0.402234636871508
"375",5,38.5,29.4,0,0,286,0.513966480446927
"376",5,36.1,20.7,0,0,261,0.374301675977654
"377",5,53.6,51.3,0.15,0,298,0.581005586592179
"378",5,49.7,34.5,0,0,283,0.497206703910615
"379",5,69.6,69.6,0.01,1,258,0.466666666666667
"380",5,58.8,53.2,0,0,268,0.527272727272727
"381",5,36.9,27.8,0,0,256,0.454545454545455
"382",5,69.4,64.2,0,0,289,0.4375
"383",5,68.9,64.6,0,1,353,0.6875
"384",5,68.4,63.7,0,0,291,0.4453125
"385",5,48.2,44.4,0,1,274,0.563636363636364
"386",5,48.1,34,0,0,267,0.521212121212121
"387",5,62.6,58.5,0,0,289,0.654545454545455
"388",5,73.1,69.4,0,0,269,0.533333333333333
"389",5,61.4,55.4,0,1,312,0.52734375
"390",5,52,43.3,0.03,0,296,0.569832402234637
"391",5,59.2,45.4,0,0,336,0.793296089385475
"392",5,46.9,44.3,0.31,0,253,0.329608938547486
"393",5,44.1,34.3,0.07,0,246,0.290502793296089
"394",5,70.2,62.5,0.08,0,261,0.374301675977654
"395",5,63.2,62.1,0.48,1,244,0.279329608938547
"396",5,38.1,14.3,0,0,285,0.508379888268156
"397",5,45.7,39.5,0,1,311,0.653631284916201
"398",5,75.2,71,0,0,231,0.206703910614525
"399",5,50.2,43.4,0,0,303,0.4921875
"400",5,39.9,29.5,0.16,0,287,0.4296875
"401",5,67.9,58.6,0,0,370,0.75390625
"402",5,48.8,47.2,0.02,1,339,0.6328125
"403",5,73.1,65.6,0,0,334,0.61328125
"404",5,72.7,66.4,0,0,334,0.61328125
"405",5,62.9,48.6,0,0,347,0.6640625
"406",5,56.7,40.9,0,0,234,0.321212121212121
"407",5,56.7,48.7,0,0,293,0.678787878787879
"408",5,56.5,51,0,1,346,0.66015625
"409",5,65.4,55.5,0,0,343,0.6484375
"410",5,29.4,23.4,0.36,0,279,0.3984375
"411",5,65.9,56.1,0.22,0,353,0.6875
"412",5,39.9,34.1,0,0,267,0.3515625
"413",5,74.2,70.7,0,1,330,0.59765625
"414",5,35.8,25.2,0,0,245,0.265625
"415",5,40.8,33.6,0.05,0,237,0.339393939393939
"416",5,72.5,68.1,0,0,356,0.69921875
"417",5,61.2,58.6,0,1,333,0.609375
"418",5,32.6,21.3,0.17,0,239,0.2421875
"419",5,72.1,64.8,0,0,300,0.48046875
"420",5,66,57.5,0,0,361,0.932960893854749
"421",5,57.1,42.9,0,0,286,0.513966480446927
"422",5,30.5,18,0,0,278,0.46927374301676
"423",5,49,34.3,0,0,259,0.363128491620112
"424",5,45.9,38.5,0,0,306,0.625698324022346
"425",5,64.8,54.1,0,0,284,0.502793296089385
"426",5,73,65.4,0,0,308,0.636871508379888
"427",5,54.2,43.3,0,0,330,0.903030303030303
"428",5,66.6,65.1,0.24,1,261,0.484848484848485
"429",5,45.1,36.6,0.01,0,273,0.557575757575758
"430",5,34.1,17.7,0,0,239,0.351515151515152
"431",5,73.4,67.5,0,0,319,0.5546875
"432",5,34.6,33.8,0.25,0,262,0.33203125
"433",5,34.1,31.9,0.01,0,246,0.26953125
"434",5,75.3,72.8,0,1,316,0.54296875
"435",5,73,68.5,0,0,281,0.606060606060606
"436",5,48.4,45,0.26,1,295,0.690909090909091
"437",5,58.9,55.2,1.44,0,323,0.5703125
"438",5,38.5,29.9,0,0,243,0.2578125
"439",5,46.1,37.9,0,0,295,0.4609375
"440",5,64.2,55.5,0.28,0,270,0.36328125
"441",5,62.2,56.7,0,0,286,0.636363636363636
"442",5,45.9,45.2,0,1,234,0.321212121212121
"443",5,59.5,55.4,0,0,291,0.666666666666667
"444",5,64.3,53.7,0,0,222,0.248484848484848
"445",5,44.4,38.3,0,0,258,0.466666666666667
"446",5,73.2,67.5,0,0,292,0.672727272727273
"447",5,43.9,35.9,0.06,0,257,0.460606060606061
"448",5,38.9,32,0.01,0,311,0.787878787878788
"449",5,64.8,62.5,0,0,284,0.624242424242424
"450",5,46.9,40.9,0,0,285,0.63030303030303
"451",5,48.2,35.8,0,0,273,0.557575757575758
"452",5,53.4,49.6,0.02,0,252,0.43030303030303
"453",5,53.1,39.1,0,0,330,0.59765625
"454",5,73.5,69.5,0,0,362,0.72265625
"455",5,60.4,54,0,0,339,0.6328125
"456",5,73.7,68.3,0,0,324,0.57421875
"457",5,30.8,21.4,0.02,0,256,0.454545454545455
"458",5,56.6,52.8,0,1,280,0.6
"459",5,36.6,28.4,0,0,236,0.333333333333333
"460",5,51.3,48.1,0,0,284,0.41796875
"461",5,50,44.7,0,0,278,0.39453125
"462",5,46.5,29.5,0,0,317,0.546875
"463",5,37.5,26.5,0,0,216,0.212121212121212
"464",5,52.4,50.6,0.23,1,251,0.424242424242424
"465",5,71.8,65.1,0.03,0,261,0.484848484848485
"466",6,49.2,42.6,0,0,282,0.491620111731844
"467",6,72.5,62.7,0.01,0,283,0.497206703910615
"468",6,65.7,65.1,0.07,0,202,0.127272727272727
"469",6,42.3,37.9,0,0,302,0.603351955307263
"470",6,60.9,55.5,0,0,302,0.603351955307263
"471",6,47.1,30.6,0.85,0,291,0.541899441340782
"472",6,69.2,65.5,0,0,279,0.474860335195531
"473",6,43.7,39.1,0.52,1,266,0.402234636871508
"474",6,68.4,53.3,0,0,370,0.75390625
"475",6,35.3,34.5,0.02,0,262,0.33203125
"476",6,71.1,65.2,0,0,365,0.734375
"477",6,46.5,28.8,0,0,217,0.15625
"478",6,49.9,38.4,0,0,293,0.453125
"479",6,73.3,68.5,0,0,319,0.5546875
"480",6,49.3,41,0.2,0,283,0.497206703910615
"481",6,43.6,36.1,0,0,335,0.787709497206704
"482",6,75.4,63.4,0.03,0,302,0.603351955307263
"483",6,42.7,36.8,0,0,246,0.290502793296089
"484",6,55.6,48.8,1.58,1,352,0.88268156424581
"485",6,46.6,41.2,0.15,0,197,0.096969696969697
"486",6,40.9,32.1,0,0,297,0.703030303030303
"487",6,41.6,29.4,0,0,271,0.545454545454545
"488",6,50.8,49.5,0.02,1,226,0.272727272727273
"489",6,58.5,55.6,0,0,274,0.563636363636364
"490",6,58.5,54.9,0,0,230,0.296969696969697
"491",6,61.3,60.6,0,1,290,0.660606060606061
"492",6,54.3,44.9,0.01,0,339,0.6328125
"493",6,35,14.6,0.22,0,302,0.48828125
"494",6,71.6,68.4,0,0,269,0.359375
"495",6,58.7,53.1,0,0,351,0.6796875
"496",6,72.6,70.6,0,1,372,0.76171875
"497",6,64.8,60.3,0,1,353,0.6875
"498",6,36.5,26.1,0,0,285,0.421875
"499",6,51.4,40.1,0.58,1,286,0.513966480446927
"500",6,53,50.5,0.03,1,308,0.636871508379888
"501",6,46.2,40.6,0,0,203,0.0502793296089385
"502",6,68.7,61.8,0,0,301,0.597765363128492
"503",6,48.5,28,0,0,348,0.860335195530726
"504",6,69,55.3,0,0,333,0.776536312849162
"505",6,76.1,72.2,0,1,277,0.463687150837989
"506",6,53.9,50.7,0,0,321,0.709497206703911
"507",6,46.1,43.7,0,0,279,0.474860335195531
"508",6,74.5,70.5,0,0,298,0.581005586592179
"509",6,54.7,47.7,0,0,310,0.64804469273743
"510",6,71.8,69.1,0,1,271,0.430167597765363
"511",6,31.6,21.7,0,0,269,0.533333333333333
"512",6,39.4,22.2,0,0,293,0.678787878787879
"513",6,52.5,46,0,0,281,0.606060606060606
"514",6,61.5,56.3,0,0,282,0.612121212121212
"515",6,71.1,66.6,0,0,291,0.666666666666667
"516",6,71.2,69.4,0,1,283,0.618181818181818
"517",6,47.6,43.3,0.85,0,256,0.454545454545455
"518",6,42,32.6,0.06,0,232,0.309090909090909
"519",6,47.7,41.6,0,0,237,0.240223463687151
"520",6,70.6,60.9,0,1,322,0.715083798882682
"521",6,55.1,42.8,0,0,318,0.55078125
"522",6,63.4,52.7,0,0,384,0.80859375
"523",6,42.9,31.8,0,0,269,0.359375
"524",6,75.6,74,0,1,299,0.58659217877095
"525",6,54.3,47.6,0,0,318,0.692737430167598
"526",6,40.3,35.6,0.24,0,268,0.41340782122905
"527",6,61.7,60.3,0.22,1,336,0.793296089385475
"528",6,48.9,44.9,0,0,267,0.407821229050279
"529",6,40.8,29.5,0.11,0,318,0.692737430167598
"530",6,25.5,12.9,0,0,272,0.435754189944134
"531",6,45.9,37.8,0.68,0,233,0.217877094972067
"532",6,46.9,34.6,0.01,0,290,0.536312849162011
"533",6,65.6,59,2.14,1,315,0.675977653631285
"534",6,74.5,73,0,1,297,0.575418994413408
"535",6,72.8,71.1,0,0,242,0.36969696969697
"536",6,40.7,34.1,0,0,298,0.709090909090909
"537",6,44.1,38.1,0,0,237,0.339393939393939
"538",6,73.8,69.5,0,0,294,0.45703125
"539",6,68.1,67.2,0,1,263,0.496969696969697
"540",6,47.3,32.9,0,0,287,0.642424242424242
"541",6,65.3,60.5,0,0,371,0.7578125
"542",6,41.3,35.5,0,0,253,0.296875
"543",6,66.1,60.8,0.04,0,433,1
"544",6,33.3,27.6,0,0,277,0.390625
"545",6,64.5,57.9,0,0,298,0.581005586592179
"546",6,54.3,50.6,0,1,331,0.76536312849162
"547",6,64.7,63.6,0.7,1,317,0.687150837988827
"548",6,44.3,42.8,0.05,1,248,0.301675977653631
"549",6,60.9,55.8,0,1,317,0.687150837988827
"550",6,47.4,42.1,0,0,223,0.1796875
"551",6,73.1,61.8,0,0,329,0.59375
"552",6,58.5,53.9,0,0,306,0.757575757575758
"553",6,46.4,41.2,0,0,287,0.642424242424242
"554",6,66.8,65.1,0.03,0,263,0.496969696969697
"555",6,45.1,42.4,0,0,287,0.4296875
"556",6,54.4,47.6,0,0,385,0.8125
"557",6,60.8,53.7,0,0,368,0.74609375
"558",6,71.7,68.4,0,0,283,0.618181818181818
"559",6,59.2,57.4,0,1,288,0.43359375
"560",6,75.9,72.6,0,1,324,0.57421875
"561",6,48.5,33.9,0.02,0,317,0.546875
"562",6,52.1,52,0,1,273,0.557575757575758
"563",6,71.4,68.1,0.01,0,287,0.519553072625698
"564",6,57.4,50.1,0,0,266,0.402234636871508
"565",6,62.9,54.6,0,0,315,0.675977653631285
"566",6,39.7,31.3,0,0,268,0.41340782122905
"567",6,72.5,69.9,0,1,306,0.50390625
"568",6,47,42.7,0,0,310,0.51953125
"569",6,76.7,71.8,0,0,343,0.6484375
"570",6,36,21.8,0.06,0,223,0.162011173184358
"571",6,64.6,59.1,0,0,304,0.614525139664804
"572",6,68,60.7,0.04,0,285,0.508379888268156
"573",6,57,41.3,0,0,299,0.58659217877095
"574",6,38.6,33.2,0,0,290,0.536312849162011
"575",6,69.9,67.3,0,1,305,0.751515151515151
"576",6,47.6,43.1,0,0,262,0.490909090909091
"577",6,39.9,31.4,0,0,238,0.345454545454545
"578",6,53.9,49.3,0,0,315,0.812121212121212
"579",6,30.9,20.6,0,0,251,0.2890625
"580",6,29.2,19.5,0,1,256,0.30859375
"581",6,53.3,46.1,0.71,0,344,0.65234375
"582",6,50.7,43.6,0,0,319,0.5546875
"583",6,41.4,40.2,0,0,244,0.26171875
"584",6,43,29,0.04,0,252,0.29296875
"585",6,52.9,47.8,0,0,317,0.546875
"586",6,49,48.3,0.16,1,235,0.327272727272727
"587",6,28.2,17.2,0,0,263,0.496969696969697
"588",6,38.7,36.2,0.14,0,215,0.206060606060606
"589",6,66.8,57.6,0,0,311,0.787878787878788
"590",6,64.4,57.3,0,0,261,0.484848484848485
"591",6,57.5,48.1,0,0,289,0.654545454545455
"592",6,62.1,54.9,0,0,236,0.333333333333333
"593",6,62.1,58.3,0.18,0,284,0.624242424242424
"594",6,72.3,69.6,0,0,304,0.49609375
"595",6,64.9,53.3,0,1,388,0.82421875
"596",6,60.6,47.6,0,0,344,0.65234375
"597",6,39.3,28.8,0.04,0,283,0.4140625
"598",6,43.8,37.3,0,0,270,0.36328125
"599",6,73.9,69.8,0,1,319,0.5546875
"600",6,50.4,48.8,0.06,1,324,0.57421875
"601",6,57.6,51.8,0,0,233,0.315151515151515
"602",6,40.7,25.4,0.01,0,252,0.43030303030303
"603",6,60.6,56.8,0,1,335,0.933333333333333
"604",6,45.3,37.5,0,0,242,0.36969696969697
"605",6,43.2,39.1,0.01,1,247,0.4
"606",6,62,58.1,0,0,299,0.715151515151515
"607",6,51.9,50.6,0,1,257,0.3125
"608",6,67.2,58,0,0,319,0.5546875
"609",6,72.6,70.6,0,0,305,0.751515151515151
"610",6,33.8,16.6,0,0,279,0.593939393939394
"611",6,37.1,24.8,0,0,284,0.624242424242424
"612",6,39.6,34.7,0,0,280,0.6
"613",6,55.1,46,0,1,296,0.696969696969697
"614",6,53.4,44,0,0,237,0.339393939393939
"615",6,39.3,32.2,0,0,262,0.33203125
"616",6,48.2,47.6,0,1,263,0.3359375
"617",6,75,71.7,0,0,286,0.42578125
"618",6,26.2,18.5,0,0,299,0.4765625
"619",6,45.9,43.4,0.03,1,261,0.484848484848485
"620",6,48.8,26.5,0,0,320,0.842424242424242
"621",7,65.9,63.8,0.03,1,369,0.977653631284916
"622",7,61,58.3,0,1,315,0.675977653631285
"623",7,50,47.8,0.15,1,362,0.93854748603352
"624",7,59.4,57.4,0,0,340,0.963636363636364
"625",7,67.2,59.3,0,0,272,0.551515151515152
"626",7,30.4,12.1,0,0,307,0.763636363636364
"627",7,53.7,49.5,0.03,0,311,0.653631284916201
"628",7,67,61.2,0,0,381,0.796875
"629",7,33.3,24.9,0,0,272,0.37109375
"630",7,37.1,25.3,0,0,283,0.4140625
"631",7,66.2,44.7,0,0,350,0.871508379888268
"632",7,47.7,45.8,0.15,1,288,0.525139664804469
"633",7,55.3,44,0,0,302,0.603351955307263
"634",7,54.7,52.6,0.27,1,324,0.726256983240223
"635",7,52.3,42.6,0.07,0,292,0.547486033519553
"636",7,63.3,62.2,0,1,307,0.763636363636364
"637",7,38.9,19.5,0,0,256,0.454545454545455
"638",7,47.8,39,0,0,312,0.793939393939394
"639",7,56.4,45,0,0,296,0.696969696969697
"640",7,42.4,32,0,0,309,0.775757575757576
"641",7,38.9,31,0.13,0,269,0.533333333333333
"642",7,47.7,31.9,0.01,0,343,0.6484375
"643",7,36.5,28.4,0,0,254,0.30078125
"644",7,33.1,32,0.4,0,202,0.09765625
"645",7,77.6,72.7,0,0,325,0.578125
"646",7,66.5,64.3,0.03,1,381,0.796875
"647",7,63.1,57.4,0,0,355,0.899441340782123
"648",7,50.5,46.7,0.08,1,343,0.832402234636871
"649",7,44.3,35.6,0,0,319,0.698324022346369
"650",7,70.8,62.5,0,0,364,0.949720670391061
"651",7,58.6,49.8,0,0,328,0.748603351955307
"652",7,28.2,10.2,0.01,0,328,0.748603351955307
"653",7,45,41.8,0.06,0,289,0.53072625698324
"654",7,30.7,19.7,0.02,0,288,0.525139664804469
"655",7,53.1,49.4,0.33,1,290,0.536312849162011
"656",7,75.4,68.3,0,0,286,0.513966480446927
"657",7,48.4,46.2,0.51,1,307,0.631284916201117
"658",7,70.7,67.6,0.19,0,351,0.877094972067039
"659",7,50.6,45,0.17,0,279,0.474860335195531
"660",7,36.2,28.4,0.13,0,296,0.569832402234637
"661",7,58.6,56.4,0,1,332,0.770949720670391
"662",7,63.5,59.6,0,0,310,0.64804469273743
"663",7,53,47.6,0,0,365,0.955307262569832
"664",7,71.5,66.6,0.44,0,275,0.56969696969697
"665",7,63.8,59.7,0,0,310,0.781818181818182
"666",7,44,33.8,0,0,296,0.696969696969697
"667",7,39.8,28.2,0,0,282,0.612121212121212
"668",7,45.2,30.3,0,0,305,0.620111731843575
"669",7,52.6,47,0,0,233,0.217877094972067
"670",7,51.3,51.3,0,1,336,0.62109375
"671",7,58.3,50.7,0,0,353,0.6875
"672",7,59.7,56.5,0,1,287,0.519553072625698
"673",7,60.4,57.2,0,0,320,0.70391061452514
"674",7,78.4,72.6,0,0,334,0.782122905027933
"675",7,58.6,46.9,0,0,287,0.642424242424242
"676",7,18.1,8.9,0.01,0,291,0.4453125
"677",7,79.3,72.2,0,1,349,0.671875
"678",7,41.3,35.3,0,0,272,0.37109375
"679",7,60.9,59.4,0,1,312,0.793939393939394
"680",7,47.6,47.3,0.05,1,276,0.575757575757576
"681",7,55.9,50,0.24,1,331,0.6015625
"682",7,60.2,47.6,0,0,343,0.6484375
"683",7,68,62,0,0,297,0.575418994413408
"684",7,65.1,58.4,0.08,0,366,0.960893854748603
"685",7,36.6,30.9,0.19,0,251,0.318435754189944
"686",7,39.8,34.6,0,0,329,0.754189944134078
"687",7,77.9,75.4,0,1,323,0.720670391061452
"688",7,49.1,22.6,0,0,361,0.932960893854749
"689",7,36.6,24.5,0,0,283,0.497206703910615
"690",7,59.5,45.3,0,0,335,0.787709497206704
"691",7,73.1,67.2,0,1,312,0.659217877094972
"692",7,31.5,18.3,0,0,281,0.40625
"693",7,61.2,47.1,0.01,0,385,0.8125
"694",7,68.2,56.4,0,0,353,0.6875
"695",7,58,45.8,0.02,0,358,0.70703125
"696",7,72.6,69,0,0,383,0.8046875
"697",7,46.3,38.8,0.05,1,247,0.4
"698",7,38.7,31.5,0,0,292,0.672727272727273
"699",7,48.3,40.9,0,0,301,0.727272727272727
"700",7,69.7,68.9,0,0,272,0.551515151515152
"701",7,64.7,58.9,0.01,0,273,0.557575757575758
"702",7,72,68.9,0.01,1,346,0.66015625
"703",7,47.8,44.1,0,0,338,0.62890625
"704",7,39.6,29.3,0.13,0,257,0.3125
"705",7,58.9,44.2,0,0,411,0.9140625
"706",7,48.1,43.5,0,1,297,0.703030303030303
"707",7,60.6,53.8,0,0,284,0.624242424242424
"708",7,66.5,65.8,0,1,269,0.533333333333333
"709",7,45.5,45.3,0.36,0,263,0.496969696969697
"710",7,35,25.7,0,0,276,0.575757575757576
"711",7,60.7,59.9,0.34,1,331,0.6015625
"712",7,37.2,34.4,0,0,326,0.58203125
"713",7,72.9,70.6,0,1,350,0.67578125
"714",7,55.3,44.5,0,0,305,0.5
"715",7,34.7,16.7,0,0,301,0.484375
"716",7,64.9,59.1,0,0,361,0.71875
"717",7,45.6,34.4,0,0,222,0.248484848484848
"718",7,56.8,53.5,0,0,287,0.642424242424242
"719",7,42.3,28.4,0,0,298,0.581005586592179
"720",7,60,48.7,1,0,322,0.715083798882682
"721",7,48.3,43.9,0,0,299,0.58659217877095
"722",7,61.3,59.6,0.01,1,323,0.720670391061452
"723",7,66.7,64.7,1.19,1,347,0.854748603351955
"724",7,78.8,72.8,0,1,310,0.64804469273743
"725",7,43.7,27.7,0.08,0,285,0.508379888268156
"726",7,22.5,10.9,0,0,290,0.44140625
"727",7,52.9,41.3,0.07,0,349,0.671875
"728",7,49.1,33.6,0,0,386,0.81640625
"729",7,55.7,44.1,0,0,276,0.458100558659218
"730",7,48.6,44.3,0.28,0,373,1
"731",7,69.7,66,0,1,316,0.681564245810056
"732",7,75,72.3,0,1,297,0.575418994413408
"733",7,67.2,55.3,0,0,289,0.53072625698324
"734",7,70.4,70,0.24,0,296,0.696969696969697
"735",7,70.9,70.1,0,1,260,0.478787878787879
"736",7,32.2,21.6,0,0,323,0.860606060606061
"737",7,45.1,27.1,0,0,357,0.703125
"738",7,41.5,31.3,0,0,301,0.484375
"739",7,72,68.4,0,1,355,0.6953125
"740",7,51.5,41.4,0,0,319,0.5546875
"741",7,66.1,65.1,0,1,323,0.860606060606061
"742",7,52.5,43.2,0,0,313,0.8
"743",7,66.1,59.8,0,0,388,0.82421875
"744",7,50.3,43,0,0,261,0.328125
"745",7,73,66.1,0,0,352,0.68359375
"746",7,54,42.1,0,0,357,0.703125
"747",7,49.7,48.5,0,1,384,0.80859375
"748",7,76.7,72.8,0,1,358,0.70703125
"749",7,43.8,40.8,0.64,0,298,0.47265625
"750",7,73.6,62,0,0,324,0.57421875
"751",7,49.4,39.9,0.01,0,217,0.218181818181818
"752",7,51.9,50.1,0,1,327,0.884848484848485
"753",7,38.4,25,0.01,0,235,0.327272727272727
"754",7,46.6,45.3,0.1,0,234,0.321212121212121
"755",7,42.7,36.2,0,0,282,0.612121212121212
"756",7,60,59.1,0,0,280,0.6
"757",7,50,48.9,0.18,1,299,0.715151515151515
"758",7,46.1,41.6,0,0,305,0.751515151515151
"759",7,65.6,63.5,0,1,266,0.515151515151515
"760",7,56.9,48,0,0,311,0.787878787878788
"761",7,33.6,26.3,0,0,309,0.515625
"762",7,71.5,67.6,0.45,0,375,0.7734375
"763",7,47.6,43.2,0,1,281,0.40625
"764",7,70.3,66.7,0.5,1,333,0.609375
"765",7,75.9,71.5,0.01,0,287,0.642424242424242
"766",7,41.9,40.8,0.82,0,235,0.327272727272727
"767",7,50,39.7,0.13,1,210,0.175757575757576
"768",7,63.7,51.8,0,0,289,0.654545454545455
"769",7,60.3,58.2,0,0,318,0.83030303030303
"770",7,49.2,44.4,0,0,330,0.903030303030303
"771",7,30.2,9.5,0,0,306,0.50390625
"772",7,74,65.9,0,0,383,0.8046875
"773",7,62.7,58.8,0,1,381,0.796875
"774",7,48.3,44.9,0,0,232,0.21484375
"775",7,66.6,63.9,0,0,244,0.381818181818182
"776",7,63.4,61.5,0.05,1,255,0.448484848484848
"777",2,75.2,71.2,0.15,0,306,0.625698324022346
"778",2,39.7,31.7,0,0,260,0.478787878787879
"779",2,40.5,24.6,0,0,261,0.484848484848485
"780",2,47.7,41.5,0,0,237,0.240223463687151
"781",2,58,48.4,0,0,305,0.620111731843575
"782",2,71.3,63.8,0,0,307,0.631284916201117
"783",2,47.4,42.5,0.56,1,220,0.16796875
"784",2,27.6,18.2,0,0,210,0.12890625
"785",2,56.4,48.4,0.39,1,335,0.6171875
"786",2,32.9,26.8,0,0,244,0.26171875
"787",2,71.5,61,0,0,303,0.4921875
"788",2,60.1,54.3,0.16,0,352,0.68359375
"789",2,66.9,62.6,0,0,339,0.6328125
"790",2,61,52.4,0,0,312,0.52734375
"791",2,46.5,34.7,0,0,331,0.6015625
"792",2,47.1,41.2,0.04,0,288,0.525139664804469
"793",2,50.1,46.4,0.43,0,293,0.553072625698324
"794",2,45.2,28.3,0.13,0,277,0.463687150837989
"795",2,66.7,58.8,0.06,1,317,0.687150837988827
"796",2,70.7,69,0,1,276,0.458100558659218
"797",2,59.1,41.8,0,0,287,0.519553072625698
"798",2,37.5,32.9,0.09,0,245,0.387878787878788
"799",2,39.8,35.6,0.34,0,270,0.539393939393939
"800",2,59.5,58.2,0.11,1,285,0.63030303030303
"801",2,71.5,70.2,0.2,0,251,0.424242424242424
"802",2,57.3,54.7,0,0,300,0.721212121212121
"803",2,56,44.7,0,0,300,0.721212121212121
"804",2,23.6,11,0,0,239,0.351515151515152
"805",2,69.9,52.8,0,0,333,0.609375
"806",2,51.1,40.3,0,0,301,0.484375
"807",2,53.4,50.9,0.06,1,307,0.5078125
"808",2,39.1,33.4,0,0,223,0.1796875
"809",2,42.7,38.9,0.01,0,189,0.046875
"810",2,49.9,40.6,0,0,325,0.578125
"811",2,69.6,58.6,0,0,341,0.640625
"812",2,40.7,25.8,0.15,0,264,0.33984375
"813",2,75.3,71.8,0,1,321,0.5625
"814",2,62.3,59.1,0.04,0,291,0.4453125
"815",2,52,50.7,0,1,249,0.307262569832402
"816",2,78.3,75.9,0,1,313,0.664804469273743
"817",2,65.2,62.2,0,0,294,0.558659217877095
"818",2,76.7,73.7,0,1,305,0.620111731843575
"819",2,74.2,70.9,0,1,310,0.64804469273743
"820",2,71.9,63.8,0,0,259,0.363128491620112
"821",2,26.6,15.2,0.17,0,236,0.23463687150838
"822",2,30.5,23.3,0.55,0,247,0.29608938547486
"823",2,59,55.7,0.01,1,300,0.592178770949721
"824",2,32,25,1.17,0,295,0.564245810055866
"825",2,53,45.4,0,0,282,0.491620111731844
"826",2,61.4,58,0.08,0,328,0.748603351955307
"827",2,71.1,69.8,0,1,269,0.533333333333333
"828",2,45.3,41.5,0.02,0,233,0.315151515151515
"829",2,38.3,32.9,0,0,226,0.272727272727273
"830",2,42.5,41.2,0.7,1,248,0.406060606060606
"831",2,54.5,52.7,0.09,0,282,0.612121212121212
"832",2,55.1,46.3,0,0,282,0.612121212121212
"833",2,71.1,69.1,0,1,245,0.387878787878788
"834",2,49.6,34.7,0,0,285,0.508379888268156
"835",2,48.7,32.7,0,0,321,0.709497206703911
"836",2,34.5,16,0,0,259,0.363128491620112
"837",2,50.4,47.4,0.02,1,283,0.497206703910615
"838",2,54.7,49.5,0,0,280,0.480446927374302
"839",2,70,52.1,0,0,353,0.6875
"840",2,48.9,39.5,0,0,305,0.5
"841",2,38.9,31.7,0,0,275,0.3828125
"842",2,55.2,53.4,0,1,378,0.78515625
"843",2,76.5,70.2,0.54,0,306,0.625698324022346
"844",2,27.5,20.1,0.11,0,267,0.407821229050279
"845",2,66.5,60.3,0,0,308,0.636871508379888
"846",2,34.4,30.6,0.53,1,276,0.458100558659218
"847",2,62.7,48.3,0,0,262,0.379888268156425
"848",2,62.7,57,0.08,1,275,0.452513966480447
"849",2,55.1,46.7,0,0,308,0.636871508379888
"850",2,31.2,20.6,0,1,267,0.407821229050279
"851",2,63.6,63.2,0,0,270,0.539393939393939
"852",2,60.7,60.3,0.32,0,248,0.406060606060606
"853",2,42.3,39,0,0,273,0.557575757575758
"854",2,78.1,73.2,0,1,302,0.48828125
"855",2,74.2,72.1,0,1,339,0.6328125
"856",2,56,51.5,0,0,239,0.351515151515152
"857",2,53.3,50.8,0,1,242,0.36969696969697
"858",2,31.8,24.6,0,0,218,0.224242424242424
"859",2,48.8,47.7,0.19,1,278,0.587878787878788
"860",2,48.5,42.3,0,0,258,0.466666666666667
"861",2,71,68,0.04,1,293,0.453125
"862",2,44.4,43.1,0,1,294,0.45703125
"863",2,47.5,44.2,1.22,0,242,0.25390625
"864",2,68.6,64.9,0,0,364,0.949720670391061
"865",2,44.6,27.9,0,0,319,0.698324022346369
"866",2,71.7,63.7,0,0,272,0.435754189944134
"867",2,24.2,11.7,0.39,0,236,0.23463687150838
"868",2,31,14.7,0,0,251,0.2890625
"869",2,63.6,55.9,0,0,268,0.35546875
"870",2,43.5,27.6,0,0,305,0.5
"871",2,69.5,67.9,0,1,282,0.612121212121212
"872",2,62.9,56,0,0,289,0.654545454545455
"873",2,47.9,34.4,0,0,297,0.703030303030303
"874",2,69.6,68,0.17,1,301,0.727272727272727
"875",2,62.2,60.3,0.23,0,270,0.539393939393939
"876",2,59.5,56.4,0,0,257,0.460606060606061
"877",2,55.1,43.8,0,0,346,1
"878",2,48.5,42.4,0,0,327,0.884848484848485
"879",2,54.3,52.5,0.01,1,216,0.212121212121212
"880",2,39.1,23.1,0,0,252,0.29296875
"881",2,62.1,54.9,0,0,327,0.5859375
"882",2,6.2,-10.4,0,0,222,0.248484848484848
"883",2,50.2,49.3,0.14,0,261,0.484848484848485
"884",2,66.3,64.1,0.85,0,270,0.424581005586592
"885",2,47.2,32.2,0.11,0,247,0.29608938547486
"886",2,65.2,53.6,0,0,299,0.58659217877095
"887",2,48.9,47.8,0,1,287,0.519553072625698
"888",2,61.8,60.5,0.02,1,293,0.553072625698324
"889",2,44.4,37.1,0,0,253,0.329608938547486
"890",2,43.1,29.7,0,0,335,0.6171875
"891",2,51.9,38.7,0.05,0,318,0.55078125
"892",2,32.2,19,0,0,251,0.2890625
"893",2,31.5,28.4,0.51,0,257,0.3125
"894",2,43.8,34.7,0.31,1,278,0.46927374301676
"895",2,48.8,44.2,0,1,293,0.553072625698324
"896",2,60.4,57.5,0.5,1,349,0.865921787709497
"897",2,47.2,45.5,0.12,1,253,0.329608938547486
"898",2,60.3,58.6,0,1,277,0.463687150837989
"899",2,34.1,21.3,0.19,0,237,0.240223463687151
"900",2,69.9,65.8,0,1,277,0.463687150837989
"901",2,54.9,47.2,0,0,326,0.737430167597765
"902",2,58.2,54.4,0,1,291,0.666666666666667
"903",2,66.7,65.9,0,1,230,0.296969696969697
"904",2,64.9,64.4,0.08,1,285,0.63030303030303
"905",2,37.9,27.9,0,0,283,0.4140625
"906",2,58.9,47.2,0,0,321,0.5625
"907",2,38.8,21.4,0,0,278,0.39453125
"908",2,36.6,23.4,0,0,281,0.40625
"909",2,42,37.1,0.18,0,265,0.34375
"910",2,73,68.9,0,1,334,0.61328125
"911",2,61.7,59,0.02,1,365,0.734375
"912",2,19.2,11.2,0,0,284,0.41796875
"913",2,68.4,62.2,0,0,372,0.76171875
"914",2,63,51.5,0,0,349,0.671875
"915",2,45.4,42.1,0.08,0,265,0.34375
"916",2,70,67.8,0.3,1,375,0.7734375
"917",2,71.4,68.5,1.25,1,358,0.70703125
"918",2,71.5,66.5,0.08,0,319,0.5546875
"919",2,41.2,37.6,0.1,0,181,0
"920",2,69.6,69.2,0,1,253,0.436363636363636
"921",2,46.5,37.8,0,0,239,0.351515151515152
"922",2,45.2,42.8,0.01,1,228,0.284848484848485
"923",2,61.2,55.4,0,0,283,0.618181818181818
"924",2,70.8,61.3,0,1,337,0.625
"925",2,73.3,72,0,1,270,0.539393939393939
"926",2,68.3,61.2,0.02,0,273,0.557575757575758
"927",2,41.8,21.5,0.11,0,224,0.260606060606061
"928",2,34.5,20.9,0,0,211,0.181818181818182
"929",2,32.3,23.8,0.09,0,252,0.43030303030303
"930",2,70.1,67.5,0.02,0,261,0.484848484848485
"931",2,36.7,30.7,0.03,0,230,0.296969696969697
"932",2,60.4,52.9,0,0,298,0.709090909090909
"933",1,27.9,9.1,0,0,245,0.284916201117318
"934",1,42,23.1,0,0,249,0.307262569832402
"935",1,70.5,69.3,0.03,1,273,0.557575757575758
"936",1,61.5,56.7,0.03,0,251,0.424242424242424
"937",1,44.1,41.4,0,0,216,0.212121212121212
"938",1,69.4,60.2,0,0,303,0.4921875
"939",1,53.5,44.6,0,0,330,0.59765625
"940",1,46.3,30.8,0,0,259,0.3203125
"941",1,48.1,47.7,0,1,198,0.08203125
"942",1,40.8,35.9,0,0,261,0.328125
"943",1,69.1,59.6,0,0,318,0.55078125
"944",1,34,31.6,0.03,0,184,0.02734375
"945",1,70.4,65.6,0,0,322,0.56640625
"946",1,79.1,75.7,0,0,267,0.407821229050279
"947",1,34.9,20.8,0,0,244,0.279329608938547
"948",1,27.3,13.5,0.01,0,270,0.424581005586592
"949",1,71.1,63.8,0,0,295,0.564245810055866
"950",1,67.5,56.5,0,0,250,0.312849162011173
"951",1,72.7,63.8,0,0,260,0.368715083798883
"952",1,45.5,37.3,0.02,0,267,0.407821229050279
"953",1,71.4,64.2,0,0,284,0.502793296089385
"954",1,41.2,29.6,0,0,233,0.315151515151515
"955",1,59,50.8,0,0,267,0.521212121212121
"956",1,53,48,0.41,0,285,0.63030303030303
"957",1,50.3,49.5,0,1,216,0.212121212121212
"958",1,36.9,27.6,0,0,188,0.0424242424242424
"959",1,46.8,42.2,0,0,239,0.351515151515152
"960",1,36.2,27.7,0,0,243,0.375757575757576
"961",1,68.9,67,0.01,1,249,0.412121212121212
"962",1,41.6,38.8,0.17,0,212,0.13671875
"963",1,74.5,71.5,0,1,310,0.51953125
"964",1,72.6,65.1,0,0,321,0.5625
"965",1,68.9,64.2,0,0,328,0.58984375
"966",1,24.7,7.5,0,0,212,0.13671875
"967",1,55.1,38.6,0,0,236,0.23046875
"968",1,30.7,15,0.89,0,274,0.446927374301676
"969",1,40.1,27.6,0,0,241,0.262569832402235
"970",1,62.6,51.2,0,1,299,0.58659217877095
"971",1,44.5,38.3,0,0,257,0.35195530726257
"972",1,54.9,45.8,0,0,238,0.245810055865922
"973",1,40.3,31.1,0,0,229,0.195530726256983
"974",1,67.4,65.2,0,1,343,0.832402234636871
"975",1,76.5,74.6,0,1,265,0.396648044692737
"976",1,68.4,61.3,0.07,0,256,0.454545454545455
"977",1,38.8,29,0.02,0,186,0.0303030303030303
"978",1,69.7,63,0,0,261,0.484848484848485
"979",1,52.2,40.4,0,0,278,0.46927374301676
"980",1,42.4,35.3,0.02,0,234,0.223463687150838
"981",1,73.9,70.9,0,1,281,0.486033519553073
"982",1,49.1,37.9,0,0,285,0.508379888268156
"983",1,58.2,50.4,0.5,0,305,0.620111731843575
"984",1,45.6,41.7,0.01,1,291,0.4453125
"985",1,42.8,36.7,0.25,1,186,0.03515625
"986",1,75.2,72.1,0,0,257,0.3125
"987",1,63.3,56.4,0,0,269,0.359375
"988",1,68,60.8,0,0,251,0.318435754189944
"989",1,64.5,56.9,0,0,284,0.502793296089385
"990",1,33.6,22.7,0,0,229,0.195530726256983
"991",1,65,63.2,0.01,1,275,0.452513966480447
"992",1,71.3,66.9,0,1,272,0.435754189944134
"993",1,25.2,14.5,0,0,266,0.402234636871508
"994",1,59.7,57.2,0.01,0,241,0.262569832402235
"995",1,59.3,57.1,0.09,1,237,0.240223463687151
"996",1,38.2,31.9,0,0,209,0.16969696969697
"997",1,68.9,63,0,1,263,0.3359375
"998",1,70.9,68.6,0,1,333,0.609375
"999",1,46.5,42.5,0.09,1,284,0.624242424242424
"1000",1,43.9,39.6,0,0,215,0.206060606060606
"1001",1,65.1,57.4,0,0,213,0.193939393939394
"1002",1,69.9,68.6,0,1,242,0.36969696969697
"1003",1,35.5,28.8,0,0,209,0.16969696969697
"1004",1,50.9,36.1,0.44,0,266,0.34765625
"1005",1,70.2,60.2,0,0,367,0.7421875
"1006",1,64.9,56.3,0.13,0,319,0.5546875
"1007",1,47.9,44.8,0.07,0,273,0.375
"1008",1,47.2,38.8,0.11,0,258,0.31640625
"1009",1,44.1,28.3,0,0,255,0.3046875
"1010",1,22.2,13.6,0,0,297,0.46875
"1011",1,65.9,63,0,0,232,0.212290502793296
"1012",1,63.8,56.2,0,1,282,0.491620111731844
"1013",1,48.7,35,0,0,271,0.430167597765363
"1014",1,60.7,56.3,2.44,0,246,0.290502793296089
"1015",1,60.7,57.1,0.48,0,319,0.698324022346369
"1016",1,46.4,42.9,0.01,1,237,0.240223463687151
"1017",1,68.4,61.5,0,0,358,0.70703125
"1018",1,39.6,30.9,0.24,0,213,0.193939393939394
"1019",1,51.9,50.1,0.05,1,284,0.624242424242424
"1020",1,66.8,66.2,0,1,245,0.387878787878788
"1021",1,49.9,44.8,0.01,0,256,0.454545454545455
"1022",1,57.4,46.9,0.76,0,263,0.496969696969697
"1023",1,59.9,56.6,0.67,1,284,0.624242424242424
"1024",1,48.2,47.3,0,1,215,0.1484375
"1025",1,77,62.7,0,0,314,0.53515625
"1026",1,37.7,35.7,0.51,0,193,0.0727272727272727
"1027",1,37.8,25,0,0,271,0.3671875
"1028",1,39.2,31.5,0,0,241,0.363636363636364
"1029",1,61.1,57.5,0.65,0,245,0.387878787878788
"1030",1,70,62.1,0,0,305,0.620111731843575
"1031",1,48.8,39.8,0.21,0,241,0.262569832402235
"1032",1,57.9,56.4,0.34,1,306,0.625698324022346
"1033",1,45.8,31.6,0.12,0,255,0.340782122905028
"1034",1,71.3,67.3,1.65,0,250,0.312849162011173
"1035",1,20.8,9.5,0.41,0,224,0.167597765363128
"1036",1,61.2,57.7,0,1,248,0.301675977653631
"1037",1,59.1,48.9,0,0,337,0.625
"1038",1,63.1,58.5,0.8,0,362,0.72265625
"1039",1,26.8,16.8,0,0,208,0.12109375
"1040",1,74.8,64.8,0,0,288,0.525139664804469
"1041",1,53.5,49.4,0,1,290,0.536312849162011
"1042",1,41.5,32.3,0,0,234,0.223463687150838
"1043",1,48.6,37.7,0.07,0,260,0.368715083798883
"1044",1,51.8,48.1,0.14,1,259,0.363128491620112
"1045",1,54.6,41.5,0.02,0,243,0.273743016759777
"1046",1,61.2,60.6,1.55,0,279,0.593939393939394
"1047",1,40.8,31,0.62,0,210,0.12890625
"1048",1,52.3,42.2,0,0,273,0.375
"1049",1,51.7,44,0,0,266,0.34765625
"1050",1,49.4,35.2,0.05,0,269,0.359375
"1051",1,27.9,22.9,0,0,232,0.309090909090909
"1052",1,57.6,45.8,0,0,292,0.672727272727273
"1053",1,46.6,46,0.1,1,260,0.478787878787879
"1054",1,37.7,31,0.02,0,264,0.503030303030303
"1055",1,53,48,0,0,238,0.345454545454545
"1056",1,35.1,31.2,0,1,243,0.2578125
"1057",1,49.6,47.9,0.17,1,256,0.30859375
"1058",1,28.7,15.7,0,0,216,0.15234375
"1059",1,70.3,63.1,0,0,293,0.453125
"1060",1,69.5,63.9,0.01,0,323,0.5703125
"1061",1,63.5,57.4,0.13,0,330,0.59765625
"1062",1,50.3,46.4,0.63,1,275,0.56969696969697
"1063",1,71.5,70.6,0.01,1,284,0.624242424242424
"1064",1,61.1,58,0.17,0,315,0.812121212121212
"1065",1,52.9,39.8,0,0,290,0.660606060606061
"1066",1,65.5,65.2,0.13,1,288,0.648484848484848
"1067",1,70.5,61.8,0,0,268,0.527272727272727
"1068",1,62.9,57.6,0.05,0,289,0.4375
"1069",1,75.4,67.9,0,0,314,0.53515625
"1070",1,72.1,65.7,0,1,249,0.412121212121212
"1071",1,47,36.5,0.31,1,246,0.393939393939394
"1072",1,38,23.3,0.01,0,248,0.406060606060606
"1073",1,36.3,27.4,0,0,207,0.157575757575758
"1074",1,56.1,53.8,0.46,1,222,0.248484848484848
"1075",1,44.3,32.3,0,0,276,0.575757575757576
"1076",1,59.4,53.1,0.18,0,225,0.266666666666667
"1077",1,67.7,64.1,0,0,259,0.472727272727273
"1078",1,40.9,22.6,0,0,210,0.175757575757576
"1079",1,39.8,25.1,0,0,244,0.26171875
"1080",1,44.6,35.4,0,0,265,0.34375
"1081",1,70,64.1,0.39,1,314,0.53515625
"1082",1,41.1,32.3,0,0,186,0.03515625
"1083",1,35.6,29.2,0,0,177,0
"1084",1,67.6,59,0,0,330,0.59765625
"1085",1,56.8,49.8,0,0,247,0.4
"1086",1,49.6,45.5,0,0,269,0.533333333333333
"1087",1,69,68.8,0,1,242,0.36969696969697
