"","day_reordered","temp","dewp","NUM_COLLISIONS","NUM_COLLISIONS_norm"
"1",3,68.7,67.9,719,0.65979381443299
"2",3,42.2,39.7,689,0.597938144329897
"3",3,37.8,34.5,616,0.447422680412371
"4",3,65.6,62.6,673,0.564948453608247
"5",3,53,49.7,695,0.610309278350516
"6",3,57.4,50.3,594,0.402061855670103
"7",3,9.5,-0.5,453,0.111340206185567
"8",3,35.2,29.1,580,0.37319587628866
"9",3,54.9,48.9,696,0.612371134020619
"10",3,60.9,51,626,0.468041237113402
"11",3,62.3,55.4,650,0.517525773195876
"12",3,73.1,69.6,651,0.519587628865979
"13",3,60.9,53.6,672,0.562886597938144
"14",3,46.4,33.6,675,0.569072164948454
"15",3,41.7,24.7,497,0.202061855670103
"16",3,56.2,45.3,686,0.591752577319588
"17",3,69.1,68.1,617,0.449484536082474
"18",3,66.7,66,562,0.336082474226804
"19",3,51,50.1,698,0.616494845360825
"20",3,50.5,49.6,689,0.597938144329897
"21",3,37.7,31.2,562,0.336082474226804
"22",3,53.4,52.6,409,0.0206185567010309
"23",3,46.7,41,697,0.614432989690722
"24",3,42.1,40.1,557,0.325773195876289
"25",3,36.4,35.9,559,0.329896907216495
"26",3,57.1,51.9,692,0.604123711340206
"27",3,51,49,697,0.614432989690722
"28",3,62.9,60.4,808,0.843298969072165
"29",3,46.2,40.4,656,0.529896907216495
"30",3,47.5,41.9,759,0.742268041237113
"31",3,71.3,66.7,580,0.37319587628866
"32",3,30.5,6.6,686,0.591752577319588
"33",3,35.5,23.8,651,0.519587628865979
"34",3,43.3,24.9,650,0.517525773195876
"35",3,63.8,60.8,733,0.688659793814433
"36",3,45.4,42.8,743,0.709278350515464
"37",3,44.7,44.7,741,0.705154639175258
"38",3,60.7,55.7,501,0.210309278350515
"39",3,40.3,37.7,531,0.272164948453608
"40",3,69.9,69.1,533,0.276288659793814
"41",3,68.4,64.9,719,0.65979381443299
"42",3,36.3,20.4,625,0.465979381443299
"43",3,49,37.9,558,0.443762781186094
"44",3,41.7,36,496,0.316973415132924
"45",3,67.1,62.7,774,0.885480572597137
"46",3,43.2,36.1,510,0.34560327198364
"47",3,63.9,52.9,624,0.578732106339468
"48",3,51.4,37.7,615,0.560327198364008
"49",3,74.8,69.6,614,0.558282208588957
"50",3,35.6,26.1,661,0.65439672801636
"51",3,69.9,68.1,614,0.443298969072165
"52",3,42.5,38.1,706,0.632989690721649
"53",3,31.6,24.5,523,0.255670103092783
"54",3,36.4,25,710,0.641237113402062
"55",3,32,23.7,622,0.45979381443299
"56",3,38.1,35.4,435,0.0742268041237113
"57",3,62,56.1,583,0.379381443298969
"58",3,69.4,66.9,595,0.560267857142857
"59",3,37.8,35.3,559,0.479910714285714
"60",3,67.9,61.5,662,0.709821428571429
"61",3,69.7,67,567,0.497767857142857
"62",3,49,32.4,591,0.551339285714286
"63",3,65.2,50,622,0.620535714285714
"64",3,52.1,48.9,666,0.71875
"65",3,41.2,27.8,411,0.149553571428571
"66",3,42,33.9,533,0.421875
"67",3,68.6,62.8,614,0.602678571428571
"68",3,57.5,47.6,610,0.59375
"69",3,57.8,46.2,581,0.529017857142857
"70",3,46.5,37.2,597,0.564732142857143
"71",3,48.2,42.2,560,0.482142857142857
"72",3,53.7,40,618,0.611607142857143
"73",3,48.1,44.1,630,0.613839285714286
"74",3,68.5,65.6,639,0.633928571428571
"75",3,72.8,69.7,649,0.65625
"76",3,66.9,61.7,575,0.491071428571429
"77",3,73.1,63,637,0.629464285714286
"78",3,71.2,63.9,586,0.515625
"79",3,69.9,65.6,627,0.463312368972746
"80",3,43,31.7,646,0.50314465408805
"81",3,63.9,57.3,656,0.524109014675052
"82",3,46.9,39.6,634,0.477987421383648
"83",3,67.7,65.2,602,0.410901467505241
"84",3,66.7,59.2,669,0.551362683438155
"85",3,67.3,66.8,639,0.488469601677149
"86",3,49.3,45.3,639,0.488469601677149
"87",3,32.7,23.9,706,0.628930817610063
"88",3,38.4,28.3,725,0.668763102725367
"89",3,62.3,58.2,641,0.492662473794549
"90",3,34,23.1,545,0.291404612159329
"91",3,48.8,44.3,699,0.614255765199161
"92",3,39.2,26.3,750,0.721174004192872
"93",3,37.5,21,568,0.339622641509434
"94",3,18.3,5.7,669,0.551362683438155
"95",3,21.9,6.4,792,0.809224318658281
"96",3,58,51.4,739,0.69811320754717
"97",3,37.4,28.7,449,0.090146750524109
"98",3,43.2,30.5,680,0.603305785123967
"99",3,36.4,31.4,501,0.233471074380165
"100",3,72.5,66.3,673,0.588842975206612
"101",3,35.3,22.9,722,0.690082644628099
"102",3,43.8,33.8,640,0.520661157024793
"103",3,57.5,41.6,573,0.382231404958678
"104",3,68.2,62.4,569,0.37396694214876
"105",3,47.8,38.9,624,0.487603305785124
"106",3,65.1,52.1,648,0.537190082644628
"107",3,35.9,30.3,642,0.494758909853249
"108",3,62.2,61.6,682,0.578616352201258
"109",3,60.4,52,832,0.893081761006289
"110",3,68.3,66.1,667,0.547169811320755
"111",3,56.4,48.3,488,0.171907756813417
"112",3,51.1,43.8,729,0.677148846960168
"113",3,63,58,620,0.448637316561845
"114",3,46.6,42.4,541,0.283018867924528
"115",3,51.4,40.5,719,0.656184486373166
"116",3,42,38.3,629,0.467505241090147
"117",3,28.9,11.2,618,0.444444444444444
"118",3,50,41.3,638,0.486373165618449
"119",3,67.5,64.2,606,0.419287211740042
"120",3,43,28.8,635,0.480083857442348
"121",3,73.8,66.7,669,0.580578512396694
"122",3,63.1,58.4,618,0.475206611570248
"123",3,60.5,56.1,490,0.210743801652893
"124",3,34.4,24.9,481,0.192148760330579
"125",3,51.3,48,589,0.415289256198347
"126",3,47.4,36.7,699,0.642561983471074
"127",3,64.3,58.3,718,0.681818181818182
"128",3,36.4,25.6,394,0.012396694214876
"129",3,55.2,41.1,623,0.485537190082645
"130",3,38.8,23.3,684,0.611570247933884
"131",3,48.4,36.3,488,0.206611570247934
"132",3,37.4,32,617,0.473140495867769
"133",3,41.8,31.7,615,0.46900826446281
"134",3,33.5,21.2,658,0.557851239669422
"135",3,54,40.6,646,0.533057851239669
"136",3,36.8,26.1,571,0.378099173553719
"137",3,50.8,31.4,742,0.731404958677686
"138",3,33.5,24,513,0.377232142857143
"139",3,27.3,20.3,440,0.214285714285714
"140",3,55.7,42.6,639,0.658482142857143
"141",3,66.3,59.2,604,0.580357142857143
"142",3,38.6,31.2,568,0.5
"143",3,62.1,50.3,644,0.669642857142857
"144",3,63.3,56.5,549,0.457589285714286
"145",3,49.5,40.8,612,0.554192229038855
"146",3,55.9,52.8,691,0.715746421267894
"147",3,58.6,52.1,597,0.523517382413088
"148",3,54,41.2,618,0.566462167689162
"149",3,45,38.2,554,0.43558282208589
"150",3,64.3,59.4,662,0.656441717791411
"151",3,58.3,49.4,613,0.556237218813906
"152",3,69.2,64.4,598,0.525562372188139
"153",3,52.2,47.2,641,0.613496932515337
"154",3,27.2,1.4,586,0.501022494887526
"155",3,33.4,27.2,650,0.631901840490798
"156",3,45.1,41.4,658,0.557851239669422
"157",3,37.9,30.9,791,0.832644628099174
"158",3,47.6,43.1,716,0.677685950413223
"159",3,71.3,61.3,632,0.504132231404959
"160",3,61.4,55.9,745,0.737603305785124
"161",3,54.4,44.6,668,0.578512396694215
"162",3,64,59.8,419,0.0640495867768595
"163",3,68.4,62.6,488,0.206611570247934
"164",3,49.5,35.9,687,0.617768595041322
"165",3,71.5,68.8,698,0.640495867768595
"166",3,56.6,54.5,656,0.524109014675052
"167",3,63.6,53.9,735,0.689727463312369
"168",3,70.9,66.1,617,0.442348008385744
"169",3,40.9,34.4,667,0.547169811320755
"170",3,66,58.9,804,0.834381551362683
"171",3,39.1,25.5,540,0.280922431865828
"172",3,40.5,24.6,748,0.716981132075472
"173",3,46.2,45.3,594,0.533482142857143
"174",3,52,51.1,657,0.674107142857143
"175",3,57.2,55,689,0.745535714285714
"176",3,38.7,25.2,700,0.770089285714286
"177",3,52.1,51.5,522,0.372767857142857
"178",3,76.5,70.8,641,0.638392857142857
"179",3,56.3,48.8,435,0.178571428571429
"180",3,73.3,72.1,563,0.464285714285714
"181",3,41.7,38.1,645,0.647321428571429
"182",3,46.1,39.5,613,0.575892857142857
"183",3,70.2,62.3,616,0.582589285714286
"184",3,51.5,43.4,481,0.28125
"185",3,27.4,11.7,584,0.511160714285714
"186",3,68.2,65.5,589,0.546875
"187",3,46.3,45.1,518,0.388392857142857
"188",3,35.4,24.7,579,0.524553571428571
"189",3,65.9,63.2,566,0.495535714285714
"190",3,43.1,36.9,521,0.395089285714286
"191",3,50.9,43.2,451,0.238839285714286
"192",3,52.2,47.8,514,0.379464285714286
"193",3,71.5,69.2,392,0.107142857142857
"194",3,28.9,18.8,678,0.745535714285714
"195",3,28.5,12.1,519,0.390625
"196",3,56.7,51.1,433,0.198660714285714
"197",3,56.9,41.8,572,0.508928571428571
"198",3,63.6,55.3,598,0.566964285714286
"199",3,57.4,46.6,643,0.667410714285714
"200",3,44.6,20.6,625,0.627232142857143
"201",3,38.8,32.3,511,0.372767857142857
"202",3,67.3,61.6,610,0.59375
"203",3,65.9,63.3,557,0.475446428571429
"204",3,61.2,57,528,0.410714285714286
"205",3,42.9,37.4,566,0.495535714285714
"206",3,37.8,31.6,720,0.839285714285714
"207",3,53.2,49,644,0.669642857142857
"208",3,41,27.9,360,0.0357142857142857
"209",3,27.4,8,547,0.453125
"210",3,54.1,40.5,642,0.665178571428571
"211",3,24.3,8.9,491,0.328125
"212",3,54.8,52.5,722,0.84375
"213",3,37.5,25.8,569,0.502232142857143
"214",3,67.9,57.7,595,0.560267857142857
"215",3,60.4,51,659,0.678571428571429
"216",3,66.9,59.9,693,0.754464285714286
"217",3,59.4,53.6,613,0.575892857142857
"218",3,68.5,57.6,731,0.839285714285714
"219",3,63.9,58.4,603,0.553571428571429
"220",3,32.8,22.5,703,0.776785714285714
"221",3,65.4,58.5,620,0.591517857142857
"222",3,62.1,54.7,442,0.194196428571429
"223",3,68.2,63.2,519,0.405940594059406
"224",3,50.7,33,620,0.655940594059406
"225",3,69.2,67.1,597,0.599009900990099
"226",3,42,26,658,0.75
"227",3,68.3,65.9,591,0.584158415841584
"228",3,66.8,64.5,680,0.804455445544555
"229",3,36.5,22.1,683,0.609504132231405
"230",3,48.3,41.9,655,0.551652892561983
"231",3,54.1,43.8,539,0.31198347107438
"232",3,47.8,40.9,616,0.471074380165289
"233",3,39.5,26.7,647,0.535123966942149
"234",3,64.5,59,585,0.40702479338843
"235",3,40.5,26.7,611,0.552147239263804
"236",3,71.7,69.2,575,0.478527607361963
"237",3,59.6,51.8,634,0.59918200408998
"238",3,60.2,55.1,505,0.335378323108384
"239",3,52.3,39.8,698,0.730061349693252
"240",3,67.6,57.8,579,0.486707566462168
"241",3,53.9,48.8,566,0.460122699386503
"242",3,36.8,28.3,556,0.439672801635992
"243",3,52.6,48.2,637,0.605316973415133
"244",3,40.9,35.6,580,0.488752556237219
"245",3,57.7,55.9,400,0.100446428571429
"246",3,32.8,30.3,406,0.113839285714286
"247",3,37.9,34,503,0.330357142857143
"248",3,48.4,44.7,743,0.866071428571429
"249",3,41.8,26.6,602,0.551339285714286
"250",3,13.7,6.3,412,0.127232142857143
"251",3,39.7,36.7,651,0.660714285714286
"252",3,35.7,27.3,565,0.46875
"253",3,42.5,32.5,526,0.381696428571429
"254",3,47.8,34.7,565,0.46875
"255",3,64.9,60.9,427,0.160714285714286
"256",3,64.7,64.5,819,0.865828092243187
"257",3,64.2,63.7,726,0.670859538784067
"258",3,66.3,66.2,546,0.293501048218029
"259",3,59.5,58.7,669,0.551362683438155
"260",3,40.9,35.1,684,0.582809224318658
"261",3,31.6,20.7,477,0.148846960167715
"262",3,62.7,56.4,584,0.373165618448637
"263",3,41.9,29.5,428,0.0461215932914046
"264",3,65.7,65.5,672,0.557651991614256
"265",3,65.4,62.2,532,0.264150943396226
"266",3,32.9,18.5,529,0.384458077709611
"267",3,10.7,-4.6,402,0.124744376278119
"268",3,50.8,45.5,668,0.668711656441718
"269",3,74,68.2,705,0.744376278118609
"270",3,70.9,64.9,668,0.668711656441718
"271",3,73,66.9,485,0.294478527607362
"272",3,40.9,30,490,0.304703476482618
"273",3,45.2,40.7,630,0.591002044989775
"274",3,33.1,27.4,680,0.693251533742331
"275",3,47.1,30.4,456,0.25
"276",3,54.4,41.1,616,0.646039603960396
"277",3,27.3,10.8,507,0.376237623762376
"278",3,65.5,60.8,462,0.264851485148515
"279",3,57.5,54.5,658,0.75
"280",3,65.7,62.3,618,0.650990099009901
"281",3,49.2,43.4,561,0.50990099009901
"282",3,53.1,37.1,577,0.54950495049505
"283",3,48.7,47.5,707,0.871287128712871
"284",3,40.8,36.3,639,0.702970297029703
"285",3,39.9,34.7,522,0.413366336633663
"286",3,62.2,56.1,624,0.665841584158416
"287",3,42.5,36.9,476,0.299504950495049
"288",3,43,29.8,565,0.51980198019802
"289",3,76.3,71.2,581,0.559405940594059
"290",3,37,26.4,597,0.599009900990099
"291",3,68.3,64.1,521,0.410891089108911
"292",3,59.8,42.5,632,0.685643564356436
"293",3,38.1,29.8,498,0.353960396039604
"294",3,47.2,47.1,542,0.462871287128713
"295",3,55.9,53.7,611,0.633663366336634
"296",3,46.1,34.2,603,0.613861386138614
"297",3,43.6,40.4,665,0.572314049586777
"298",3,62.9,61.1,758,0.764462809917355
"299",3,71,68.8,680,0.603305785123967
"300",3,61.5,47.2,646,0.533057851239669
"301",3,38.2,27.4,601,0.440082644628099
"302",3,59.4,50.3,652,0.545454545454545
"303",3,62.4,60.5,471,0.171487603305785
"304",3,71.1,69,725,0.696280991735537
"305",3,77.5,69.4,643,0.526859504132231
"306",3,66,60.9,552,0.439732142857143
"307",3,56,52.3,607,0.5625
"308",3,45.4,36.5,641,0.638392857142857
"309",3,55.2,52,559,0.455357142857143
"310",3,48.1,30,623,0.598214285714286
"311",3,64.3,57.8,494,0.310267857142857
"312",3,34.5,15.3,575,0.491071428571429
"313",3,64.9,56.7,592,0.529017857142857
"314",3,30.7,14.4,568,0.475446428571429
"315",3,73.4,69.9,727,0.789366053169734
"316",3,44,32.1,498,0.321063394683027
"317",3,66.9,60.8,611,0.552147239263804
"318",3,31.2,20.9,484,0.292433537832311
"319",3,71.1,66.5,626,0.582822085889571
"320",3,29.4,19.6,574,0.476482617586912
"321",3,45.2,35.2,704,0.742331288343558
"322",3,66.8,62,586,0.501022494887526
"323",3,57.9,55.9,645,0.621676891615542
"324",3,37.1,34.3,547,0.421267893660532
"325",3,74.1,70.4,592,0.513292433537832
"326",3,42.8,24.8,667,0.666666666666667
"327",3,58.9,52.6,420,0.161554192229039
"328",3,57.8,51.4,506,0.337423312883436
"329",3,45,44.2,543,0.296907216494845
"330",3,74.8,73.4,632,0.480412371134021
"331",3,36.7,30.7,679,0.577319587628866
"332",3,35,28,720,0.661855670103093
"333",3,56.9,42.8,420,0.160891089108911
"334",3,32,15.5,640,0.705445544554455
"335",3,51.5,44,440,0.21039603960396
"336",3,59.5,54.3,605,0.618811881188119
"337",3,31.2,16,355,0
"338",3,27,4.4,710,0.878712871287129
"339",3,50,41.6,582,0.561881188118812
"340",3,44,42.1,549,0.48019801980198
"341",3,35.9,31,521,0.410891089108911
"342",3,49.7,37.9,598,0.601485148514851
"343",3,32.1,15.5,623,0.663366336633663
"344",3,72.6,68.9,617,0.648514851485149
"345",3,37.5,30.4,490,0.334158415841584
"346",3,68.1,54.5,545,0.47029702970297
"347",3,60.8,59.8,707,0.871287128712871
"348",3,36.4,32,475,0.297029702970297
"349",3,62.4,54.8,570,0.532178217821782
"350",3,66.7,65.3,633,0.688118811881188
"351",3,47,42.9,479,0.306930693069307
"352",3,70.8,68.7,431,0.188118811881188
"353",3,63.2,59.2,614,0.641089108910891
"354",3,29,16.9,553,0.49009900990099
"355",3,57.5,44.9,661,0.757425742574257
"356",3,24.6,7.6,398,0.106435643564356
"357",4,45.3,45.3,531,0.272164948453608
"358",4,56.8,56.2,679,0.577319587628866
"359",4,35,33.4,578,0.369072164948454
"360",4,46.9,42.2,609,0.43298969072165
"361",4,71,69.2,740,0.703092783505155
"362",4,73,71.2,715,0.651546391752577
"363",4,54.5,51.3,688,0.595876288659794
"364",4,48.4,43.7,713,0.647422680412371
"365",4,75.8,74.1,658,0.534020618556701
"366",4,32.3,28.9,617,0.449484536082474
"367",4,68.9,65.8,709,0.639175257731959
"368",4,32,22.9,707,0.635051546391753
"369",4,60.7,55.3,762,0.748453608247423
"370",4,48.2,46.3,695,0.610309278350516
"371",4,70.5,69,680,0.579381443298969
"372",4,64.7,62.1,613,0.441237113402062
"373",4,68.9,67.5,544,0.298969072164948
"374",4,72.8,71.4,701,0.622680412371134
"375",4,38.3,32.3,684,0.587628865979381
"376",4,35.3,32.5,551,0.31340206185567
"377",4,40.6,28.1,684,0.587628865979381
"378",4,53.9,53.4,778,0.781443298969072
"379",4,66.9,66.2,678,0.575257731958763
"380",4,48.4,46.3,736,0.694845360824742
"381",4,31.9,30.5,579,0.371134020618557
"382",4,69.2,68.1,654,0.525773195876289
"383",4,51.9,46.5,754,0.731958762886598
"384",4,57.7,55.8,809,0.845360824742268
"385",4,75.7,70.6,786,0.797938144329897
"386",4,63.1,59,628,0.472164948453608
"387",4,67.7,61.8,812,0.851546391752577
"388",4,37.7,31.7,668,0.554639175257732
"389",4,33.3,18.2,731,0.684536082474227
"390",4,40.3,29.3,631,0.478350515463918
"391",4,37.6,28.7,627,0.470103092783505
"392",4,32.5,17.5,597,0.408247422680412
"393",4,38.6,34.1,528,0.38241308793456
"394",4,65.5,61.1,703,0.740286298568507
"395",4,32.6,25.6,613,0.556237218813906
"396",4,21,11.7,740,0.815950920245399
"397",4,44.2,40.5,452,0.226993865030675
"398",4,72.4,68.7,643,0.61758691206544
"399",4,67.4,63,657,0.646216768916155
"400",4,47.4,42.3,618,0.566462167689162
"401",4,72.8,68.7,595,0.519427402862986
"402",4,37.5,17,733,0.801635991820041
"403",4,63.5,55.8,571,0.470347648261759
"404",4,74.6,64.7,626,0.582822085889571
"405",4,21.7,11.8,620,0.570552147239264
"406",4,20.8,5.2,777,0.89161554192229
"407",4,57.1,44.8,688,0.595876288659794
"408",4,67.2,64.7,727,0.676288659793814
"409",4,60.5,55.1,715,0.651546391752577
"410",4,31.5,23,613,0.441237113402062
"411",4,14.7,2,654,0.525773195876289
"412",4,30,20.2,545,0.301030927835052
"413",4,44.7,41.7,671,0.560824742268041
"414",4,37.1,29.8,549,0.457589285714286
"415",4,71.4,69.1,587,0.542410714285714
"416",4,52.6,48,452,0.241071428571429
"417",4,69.5,66.2,594,0.558035714285714
"418",4,41.3,34.1,510,0.370535714285714
"419",4,51,47.2,493,0.332589285714286
"420",4,48.7,45.1,645,0.671875
"421",4,45.5,43.2,559,0.479910714285714
"422",4,67.2,62.2,491,0.328125
"423",4,49.5,43.2,459,0.256696428571429
"424",4,56.4,45.7,650,0.683035714285714
"425",4,69.2,67.4,606,0.584821428571429
"426",4,56.3,52.8,562,0.462053571428571
"427",4,46.5,43.1,630,0.613839285714286
"428",4,71.2,68.7,469,0.254464285714286
"429",4,33.8,23.7,681,0.727678571428571
"430",4,56.6,50.5,440,0.189732142857143
"431",4,55.1,49.4,639,0.633928571428571
"432",4,29.4,18.7,618,0.587053571428571
"433",4,47.1,32.1,638,0.631696428571429
"434",4,29.2,6.8,670,0.703125
"435",4,15.8,-2.3,627,0.607142857142857
"436",4,55.4,53.4,743,0.706498951781971
"437",4,65.2,62.8,631,0.471698113207547
"438",4,67.3,59.8,829,0.886792452830189
"439",4,42,38.5,704,0.624737945492662
"440",4,46.1,39,647,0.505241090146751
"441",4,68.8,65.6,768,0.758909853249476
"442",4,44.9,41.8,657,0.526205450733753
"443",4,51.1,39,790,0.805031446540881
"444",4,36.7,27.5,637,0.484276729559748
"445",4,69.4,67.9,706,0.628930817610063
"446",4,65.9,65.3,656,0.524109014675052
"447",4,68.8,68.4,638,0.486373165618449
"448",4,56.8,52.3,659,0.530398322851153
"449",4,40.7,38.5,592,0.389937106918239
"450",4,44.3,40.7,659,0.530398322851153
"451",4,64.3,61.6,757,0.735849056603774
"452",4,62.8,59.4,595,0.39622641509434
"453",4,64.3,63.4,685,0.584905660377358
"454",4,65.3,59.7,680,0.574423480083857
"455",4,67.7,59.2,622,0.483471074380165
"456",4,37.7,21.4,765,0.778925619834711
"457",4,54.6,52,695,0.634297520661157
"458",4,43.8,38.5,752,0.752066115702479
"459",4,71.5,64.7,650,0.541322314049587
"460",4,53.5,49.6,647,0.505241090146751
"461",4,42.9,38,598,0.40251572327044
"462",4,63.4,63.4,813,0.853249475890985
"463",4,44.2,39.9,591,0.387840670859539
"464",4,42.6,38.1,687,0.589098532494759
"465",4,39.9,26.4,636,0.482180293501048
"466",4,53,46.7,710,0.637316561844864
"467",4,51.1,39,736,0.691823899371069
"468",4,62,58.3,614,0.436058700209644
"469",4,30.1,19.1,688,0.591194968553459
"470",4,57.5,46.9,694,0.60377358490566
"471",4,68.1,66.4,707,0.631027253668763
"472",4,54.1,47.5,687,0.589098532494759
"473",4,49.8,44,519,0.236897274633124
"474",4,62.8,60.6,760,0.768595041322314
"475",4,39.7,26.9,630,0.5
"476",4,46.9,40,732,0.710743801652893
"477",4,43.2,29,662,0.566115702479339
"478",4,63.8,61.6,590,0.417355371900826
"479",4,69,52.6,637,0.514462809917355
"480",4,71.1,69.4,700,0.794642857142857
"481",4,44.2,36,555,0.470982142857143
"482",4,67.1,63.5,587,0.542410714285714
"483",4,61.1,52.9,645,0.671875
"484",4,54.3,48,571,0.506696428571429
"485",4,47.7,45.8,606,0.584821428571429
"486",4,63.3,61.3,589,0.546875
"487",4,47.4,44.2,732,0.866071428571429
"488",4,42.5,32.4,611,0.595982142857143
"489",4,51.8,43.8,560,0.482142857142857
"490",4,27.7,14.7,551,0.462053571428571
"491",4,32.1,15.4,469,0.279017857142857
"492",4,63,56,608,0.589285714285714
"493",4,24,6.4,636,0.651785714285714
"494",4,54.8,52.1,699,0.732106339468303
"495",4,76.4,69.6,795,0.928425357873211
"496",4,36.4,32.9,571,0.470347648261759
"497",4,64,59.9,652,0.6359918200409
"498",4,64.4,61.2,724,0.783231083844581
"499",4,46.7,36.2,631,0.593047034764826
"500",4,64.2,61.9,593,0.515337423312883
"501",4,51.4,49.9,606,0.541922290388548
"502",4,31.4,16.3,601,0.531697341513292
"503",4,27,10.3,631,0.593047034764826
"504",4,55.8,50.8,757,0.850715746421268
"505",4,74.5,71,623,0.576687116564417
"506",4,39.4,31.2,628,0.586912065439673
"507",4,27.7,18.1,640,0.520661157024793
"508",4,66.9,61.9,602,0.442148760330579
"509",4,71.1,69.3,619,0.477272727272727
"510",4,33.1,27.8,571,0.378099173553719
"511",4,60.5,54.2,523,0.278925619834711
"512",4,66.1,64,675,0.59297520661157
"513",4,48.2,45,711,0.667355371900826
"514",4,73.8,65.7,699,0.642561983471074
"515",4,55,44.5,624,0.487603305785124
"516",4,33,19.1,637,0.514462809917355
"517",4,41.7,31.3,711,0.667355371900826
"518",4,52.5,48.6,638,0.516528925619835
"519",4,73.1,69,644,0.528925619834711
"520",4,44.4,36.5,632,0.504132231404959
"521",4,51.9,38.2,608,0.454545454545455
"522",4,62.2,50,717,0.679752066115702
"523",4,48.9,46.9,564,0.331236897274633
"524",4,38.1,32.2,626,0.461215932914046
"525",4,29.5,12.4,543,0.287211740041929
"526",4,28.1,14.6,571,0.345911949685535
"527",4,52.4,50.5,660,0.532494758909853
"528",4,49.7,46.6,723,0.664570230607966
"529",4,57.7,44.2,696,0.607966457023061
"530",4,68.2,64.8,705,0.626834381551363
"531",4,37.1,26.6,483,0.161425576519916
"532",4,47.4,41.6,430,0.167410714285714
"533",4,44.9,42.3,621,0.59375
"534",4,58.9,48.6,745,0.870535714285714
"535",4,53.9,50.4,595,0.535714285714286
"536",4,59.4,53.9,454,0.220982142857143
"537",4,37.1,22.5,553,0.441964285714286
"538",4,58.5,45.3,615,0.580357142857143
"539",4,60,51.9,632,0.642857142857143
"540",4,48.9,39.6,712,0.821428571428571
"541",4,63.9,56.9,516,0.383928571428571
"542",4,26.5,10.5,474,0.290178571428571
"543",4,23.9,10.4,491,0.328125
"544",4,68.9,62.8,526,0.40625
"545",4,68.6,65.1,616,0.607142857142857
"546",4,62.5,55.2,666,0.71875
"547",4,44,37,645,0.671875
"548",4,63.2,58.4,697,0.787946428571429
"549",4,64.6,56.5,592,0.553571428571429
"550",4,56.7,53.5,599,0.569196428571429
"551",4,61.2,50.8,613,0.600446428571429
"552",4,52.7,37.7,538,0.433035714285714
"553",4,24.8,12.2,532,0.419642857142857
"554",4,52.2,40.5,565,0.493303571428571
"555",4,22.2,-1.3,504,0.357142857142857
"556",4,63.8,60.7,569,0.502232142857143
"557",4,58.2,47.9,663,0.712053571428571
"558",4,32.5,26.2,613,0.600446428571429
"559",4,27,8.7,513,0.377232142857143
"560",4,59,42.3,592,0.553571428571429
"561",4,57.7,52.3,607,0.587053571428571
"562",4,28.2,18.5,518,0.388392857142857
"563",4,63,57,620,0.616071428571429
"564",4,56.7,48.8,549,0.433035714285714
"565",4,73,71.1,638,0.631696428571429
"566",4,61.3,58,523,0.375
"567",4,68.6,64.4,628,0.609375
"568",4,35.2,22.6,565,0.46875
"569",4,48.3,42.8,647,0.651785714285714
"570",4,36.9,20.9,610,0.569196428571429
"571",4,67.9,63.1,591,0.526785714285714
"572",4,69,61.7,661,0.683035714285714
"573",4,28.2,11.9,639,0.633928571428571
"574",4,56.1,43.1,627,0.673267326732673
"575",4,41.4,36.6,498,0.353960396039604
"576",4,68,66.6,507,0.376237623762376
"577",4,70.1,69,551,0.485148514851485
"578",4,41.8,38.2,553,0.49009900990099
"579",4,67.1,65.3,663,0.568181818181818
"580",4,63.6,59.9,681,0.605371900826446
"581",4,69.9,65.8,626,0.491735537190083
"582",4,44.5,41.7,615,0.46900826446281
"583",4,46.8,42.8,479,0.18801652892562
"584",4,66.7,61.2,662,0.566115702479339
"585",4,40.8,23.9,628,0.495867768595041
"586",4,25.5,4.8,662,0.566115702479339
"587",4,61.2,59.8,709,0.663223140495868
"588",4,54.8,50.1,741,0.729338842975207
"589",4,64.1,55.9,779,0.807851239669422
"590",4,54.3,42.2,739,0.725206611570248
"591",4,75.3,69.3,688,0.619834710743802
"592",4,49.1,29.5,566,0.367768595041322
"593",4,61.1,56.2,686,0.705521472392638
"594",4,58.2,45.6,714,0.76278118609407
"595",4,70.8,58.4,579,0.486707566462168
"596",4,59.4,51.7,631,0.593047034764826
"597",4,54.4,50.7,655,0.642126789366053
"598",4,53.4,50.1,642,0.615541922290389
"599",4,58,51.5,755,0.846625766871166
"600",4,62.8,57.5,605,0.558035714285714
"601",4,36.3,30.8,571,0.482142857142857
"602",4,48.8,46.6,592,0.529017857142857
"603",4,63.7,61.5,682,0.729910714285714
"604",4,70.4,67.8,553,0.441964285714286
"605",4,68.9,65.5,551,0.4375
"606",4,38.6,22.9,586,0.515625
"607",4,67.8,66.8,577,0.358490566037736
"608",4,35.6,26.3,597,0.40041928721174
"609",4,48.3,34.9,651,0.513626834381551
"610",4,65.5,65.4,661,0.534591194968553
"611",4,70.5,69.8,684,0.582809224318658
"612",4,47.8,39.2,516,0.230607966457023
"613",4,37.9,27.4,649,0.509433962264151
"614",4,40,30.9,657,0.526205450733753
"615",4,72,61.5,424,0.0377358490566038
"616",4,14.3,0.2,580,0.488752556237219
"617",4,68.1,64.3,646,0.623721881390593
"618",4,67.1,61.8,622,0.574642126789366
"619",4,69.3,65.6,557,0.441717791411043
"620",4,51.5,48.6,645,0.621676891615542
"621",4,40.1,32.7,746,0.828220858895706
"622",4,46,35.9,613,0.556237218813906
"623",4,49.8,46.3,542,0.411042944785276
"624",4,69.7,63.8,648,0.725247524752475
"625",4,72.7,69.3,583,0.564356435643564
"626",4,59.1,52.4,540,0.457920792079208
"627",4,67.7,65.5,601,0.608910891089109
"628",4,49.4,43.4,613,0.638613861386139
"629",4,51,30.2,576,0.547029702970297
"630",4,47.5,34.1,600,0.606435643564356
"631",4,39.6,18.8,437,0.202970297029703
"632",4,38.5,29.8,527,0.425742574257426
"633",4,46,40.5,564,0.517326732673267
"634",4,53.9,47.3,615,0.643564356435644
"635",4,38,25.6,381,0.0643564356435644
"636",4,35.4,34.9,542,0.462871287128713
"637",4,38.8,35.1,539,0.455445544554455
"638",4,72.1,70,571,0.534653465346535
"639",4,43.5,30.4,510,0.383663366336634
"640",4,39.8,28.7,425,0.173267326732673
"641",4,61.5,51.6,574,0.542079207920792
"642",4,54.5,42.7,615,0.643564356435644
"643",4,42.3,38.3,516,0.398514851485149
"644",4,46,43.9,547,0.475247524752475
"645",4,71,64.7,542,0.462871287128713
"646",4,58,55.5,697,0.846534653465347
"647",4,39.6,35.5,559,0.504950495049505
"648",4,61.8,51,613,0.638613861386139
"649",4,28.5,16.8,465,0.272277227722772
"650",4,62.1,51.8,616,0.646039603960396
"651",4,48.3,45.7,608,0.454545454545455
"652",4,65.4,59.8,659,0.559917355371901
"653",4,49.8,46.9,569,0.37396694214876
"654",4,35.1,23.5,672,0.586776859504132
"655",4,36.5,26.3,623,0.485537190082645
"656",4,34.8,25.3,719,0.683884297520661
"657",4,48.6,34.9,683,0.609504132231405
"658",4,42.2,36.4,734,0.714876033057851
"659",4,47.2,38.2,620,0.479338842975207
"660",4,43.2,32.2,711,0.667355371900826
"661",4,46.2,37.1,732,0.710743801652893
"662",4,60.4,58.8,721,0.816964285714286
"663",4,43,42.1,570,0.479910714285714
"664",4,45.6,40.5,587,0.517857142857143
"665",4,25.9,12.6,527,0.383928571428571
"666",4,51.6,48.8,654,0.667410714285714
"667",4,29.4,19.8,687,0.741071428571429
"668",4,60.4,54.5,529,0.388392857142857
"669",4,61.5,53,635,0.625
"670",4,70,65.8,652,0.662946428571429
"671",4,41.4,38.2,537,0.40625
"672",4,70.3,65.9,658,0.676339285714286
"673",4,61.5,59.5,662,0.685267857142857
"674",4,46.5,42.5,702,0.774553571428571
"675",4,75.5,68.2,574,0.488839285714286
"676",4,42.8,35.9,533,0.392638036809816
"677",4,45.3,31.2,684,0.701431492842536
"678",4,75,71.7,666,0.664621676891616
"679",4,57.1,48.6,638,0.607361963190184
"680",4,58.3,56.2,684,0.701431492842536
"681",4,72.6,69.7,606,0.541922290388548
"682",4,67.9,64.4,601,0.531697341513292
"683",4,36.5,30.3,584,0.496932515337423
"684",4,35.7,23.4,500,0.325153374233129
"685",4,66.7,65.5,580,0.37319587628866
"686",4,45.6,41.3,600,0.414432989690722
"687",4,45.6,45.5,535,0.280412371134021
"688",4,37.7,30.1,676,0.571134020618557
"689",4,54.6,49.5,689,0.597938144329897
"690",4,47.9,35.4,721,0.663917525773196
"691",4,55.3,48.6,720,0.661855670103093
"692",4,51.5,43.7,681,0.581443298969072
"693",4,36.7,25.4,477,0.301980198019802
"694",4,56.6,49.6,686,0.819306930693069
"695",4,54.4,49.9,592,0.586633663366337
"696",4,65.5,57.5,629,0.678217821782178
"697",4,60.9,58.6,613,0.638613861386139
"698",4,67.8,66.7,553,0.49009900990099
"699",4,47,29.2,600,0.606435643564356
"700",4,60.8,59.5,635,0.693069306930693
"701",4,44.6,40,513,0.391089108910891
"702",4,45.7,36.8,647,0.722772277227723
"703",4,51,35.3,565,0.51980198019802
"704",4,26.3,18.1,544,0.467821782178218
"705",4,35,26.7,537,0.450495049504951
"706",4,39.8,34.1,513,0.391089108910891
"707",4,28.7,16.6,566,0.522277227722772
"708",4,38.4,34.9,515,0.396039603960396
"709",4,77.4,68.4,582,0.561881188118812
"710",4,66.2,54.5,543,0.465346534653465
"711",4,28.6,15.9,703,0.861386138613861
"712",4,71.2,64.3,584,0.566831683168317
"713",5,68.1,67.4,599,0.412371134020619
"714",5,71.2,66.7,688,0.595876288659794
"715",5,51.2,50.1,711,0.643298969072165
"716",5,64.4,62.3,778,0.781443298969072
"717",5,69.2,67.6,660,0.538144329896907
"718",5,36.4,32.6,653,0.523711340206186
"719",5,62.8,58.8,698,0.616494845360825
"720",5,59.4,57,706,0.632989690721649
"721",5,31.6,20.6,652,0.521649484536083
"722",5,45.9,45.9,601,0.416494845360825
"723",5,36.8,32.7,477,0.160824742268041
"724",5,68.3,65.1,627,0.470103092783505
"725",5,42.6,38.2,654,0.525773195876289
"726",5,54.8,50.8,651,0.519587628865979
"727",5,40.4,32.9,629,0.474226804123711
"728",5,54.5,45.7,792,0.810309278350515
"729",5,25,14.8,596,0.406185567010309
"730",5,69.4,67.3,755,0.734020618556701
"731",5,59.2,54.2,708,0.637113402061856
"732",5,55.3,53.8,686,0.591752577319588
"733",5,41.1,36.1,615,0.445360824742268
"734",5,36.9,34,671,0.560824742268041
"735",5,37.9,33,612,0.439175257731959
"736",5,57.9,52.2,696,0.612371134020619
"737",5,32.3,22.3,631,0.478350515463918
"738",5,41,30.4,573,0.358762886597938
"739",5,69.2,64.7,768,0.760824742268041
"740",5,45.9,35.8,646,0.509278350515464
"741",5,57,50.5,668,0.668711656441718
"742",5,72.8,61.9,748,0.832310838445808
"743",5,21.6,14.7,458,0.239263803680982
"744",5,32.1,24,506,0.337423312883436
"745",5,65.5,62.2,683,0.699386503067485
"746",5,53.8,46.9,689,0.711656441717791
"747",5,76,69.9,629,0.588957055214724
"748",5,50.6,35.8,595,0.519427402862986
"749",5,49.3,38.5,679,0.69120654396728
"750",5,32.6,23.3,610,0.550102249488753
"751",5,71.7,70.5,406,0.0144329896907217
"752",5,66.2,64.9,708,0.637113402061856
"753",5,71,69.6,783,0.791752577319588
"754",5,74.6,73.6,656,0.529896907216495
"755",5,66.5,63.8,519,0.247422680412371
"756",5,47.3,46.9,554,0.319587628865979
"757",5,69.8,68.7,657,0.531958762886598
"758",5,57.3,55.7,729,0.680412371134021
"759",5,36,35.2,611,0.437113402061856
"760",5,74.1,70.4,645,0.507216494845361
"761",5,49.2,48.2,626,0.468041237113402
"762",5,41.9,34.1,662,0.542268041237113
"763",5,39.3,20.6,688,0.595876288659794
"764",5,25.6,18.3,645,0.507216494845361
"765",5,31.8,12.5,514,0.237113402061856
"766",5,25,20.3,498,0.34375
"767",5,66.2,61.2,618,0.611607142857143
"768",5,35,29.4,552,0.464285714285714
"769",5,43.4,37.1,515,0.381696428571429
"770",5,43.5,36.5,651,0.685267857142857
"771",5,28.2,10.4,399,0.122767857142857
"772",5,29.5,18.3,491,0.328125
"773",5,26.9,8.3,461,0.261160714285714
"774",5,63.8,55.9,551,0.462053571428571
"775",5,69,66,658,0.700892857142857
"776",5,51.5,47.2,515,0.357142857142857
"777",5,54.6,51.3,601,0.549107142857143
"778",5,70.6,68.5,522,0.372767857142857
"779",5,34.5,22.8,562,0.462053571428571
"780",5,70.2,66.6,608,0.564732142857143
"781",5,46.9,39.2,599,0.544642857142857
"782",5,25.4,6,589,0.522321428571429
"783",5,26.7,10.2,615,0.580357142857143
"784",5,72.3,70.9,629,0.467505241090147
"785",5,48.7,38.4,668,0.549266247379455
"786",5,38.7,31.3,574,0.352201257861635
"787",5,63.6,58,635,0.480083857442348
"788",5,51.3,48.7,651,0.513626834381551
"789",5,21.9,5,577,0.358490566037736
"790",5,65.1,65,648,0.507337526205451
"791",5,55.4,53.1,669,0.551362683438155
"792",5,66.1,66.1,583,0.371069182389937
"793",5,46.5,43.7,590,0.385744234800839
"794",5,71.6,70.3,747,0.714884696016772
"795",5,29.8,20.7,650,0.511530398322851
"796",5,61.8,57.5,671,0.555555555555556
"797",5,44.3,31.7,700,0.616352201257862
"798",5,41.9,37.1,672,0.557651991614256
"799",5,49.1,45.1,540,0.280922431865828
"800",5,52.2,47.6,701,0.618448637316562
"801",5,45,36.9,510,0.252066115702479
"802",5,46.9,43.7,660,0.56198347107438
"803",5,38.8,29,676,0.59504132231405
"804",5,43,36.7,670,0.582644628099174
"805",5,29.4,11.2,623,0.485537190082645
"806",5,68.4,61.8,779,0.807851239669422
"807",5,64,56.4,772,0.793388429752066
"808",5,70.1,63.3,635,0.510330578512397
"809",5,63.7,55,739,0.725206611570248
"810",5,70.6,67.2,618,0.475206611570248
"811",5,37.1,23.3,807,0.865702479338843
"812",5,47.3,43.5,653,0.547520661157025
"813",5,33.5,19.3,625,0.489669421487603
"814",5,76.5,70,658,0.557851239669422
"815",5,46.4,41.8,660,0.56198347107438
"816",5,43.4,24.8,650,0.541322314049587
"817",5,58.7,53.2,695,0.634297520661157
"818",5,37,15.3,628,0.495867768595041
"819",5,47.4,45.8,571,0.345911949685535
"820",5,46.2,43.9,673,0.559748427672956
"821",5,45.9,42.6,609,0.425576519916143
"822",5,47,43.6,662,0.536687631027254
"823",5,54.5,47.5,675,0.563941299790356
"824",5,43.9,37.1,713,0.643605870020964
"825",5,68.6,66.6,618,0.444444444444444
"826",5,67.9,58.5,706,0.628930817610063
"827",5,69.6,68.6,608,0.423480083857442
"828",5,42.6,38.4,587,0.379454926624738
"829",5,71.1,65.9,600,0.406708595387841
"830",5,53.9,49.6,641,0.492662473794549
"831",5,54.2,52.3,774,0.771488469601677
"832",5,57.9,50.2,753,0.727463312368973
"833",5,62.1,58.7,628,0.465408805031447
"834",5,67.1,51.6,754,0.729559748427673
"835",5,57.9,53.4,733,0.712809917355372
"836",5,33.5,28,537,0.307851239669421
"837",5,63.1,60.7,637,0.514462809917355
"838",5,70,64.4,621,0.481404958677686
"839",5,32.9,18.2,605,0.448347107438017
"840",5,41.2,31.1,689,0.621900826446281
"841",5,71.8,65.3,680,0.603305785123967
"842",5,55.5,45.2,676,0.59504132231405
"843",5,67.2,63.3,607,0.452479338842975
"844",5,55.6,42.2,699,0.642561983471074
"845",5,67.4,60,687,0.617768595041322
"846",5,71.6,62.9,663,0.712053571428571
"847",5,61.9,59,556,0.473214285714286
"848",5,41.1,38.4,583,0.533482142857143
"849",5,42.9,32.6,570,0.504464285714286
"850",5,49.5,45.4,536,0.428571428571429
"851",5,51.2,44.3,638,0.65625
"852",5,39.3,28.6,519,0.390625
"853",5,18.2,5,616,0.607142857142857
"854",5,33.6,14.6,633,0.645089285714286
"855",5,61.9,54.4,658,0.700892857142857
"856",5,67.3,60.6,605,0.582589285714286
"857",5,53.6,51.9,655,0.642126789366053
"858",5,22.6,10.2,538,0.402862985685072
"859",5,70.5,68.3,634,0.59918200408998
"860",5,37.9,24.8,648,0.627811860940695
"861",5,32.3,17.7,495,0.314928425357873
"862",5,52.9,51.3,730,0.706611570247934
"863",5,67.2,64.8,687,0.617768595041322
"864",5,46.7,34.2,700,0.644628099173554
"865",5,70.4,65.7,661,0.564049586776859
"866",5,45.2,41.9,629,0.497933884297521
"867",5,55.9,49.9,665,0.572314049586777
"868",5,68.3,55.6,698,0.640495867768595
"869",5,42.6,37.8,579,0.394628099173554
"870",5,54.7,44.3,714,0.645702306079665
"871",5,65.4,58,730,0.679245283018868
"872",5,67.5,63.4,738,0.69601677148847
"873",5,45,40.9,629,0.467505241090147
"874",5,36.6,32.7,603,0.412997903563941
"875",5,41.7,32.2,580,0.364779874213836
"876",5,62.6,61.8,744,0.708595387840671
"877",5,50.6,39.9,607,0.421383647798742
"878",5,48.5,46,561,0.459821428571429
"879",5,66.1,62,626,0.604910714285714
"880",5,72.9,70.9,604,0.555803571428571
"881",5,71.5,65.8,553,0.441964285714286
"882",5,56.9,53.6,383,0.0625
"883",5,53,44.6,649,0.65625
"884",5,70.9,69.4,630,0.613839285714286
"885",5,65.4,61.6,553,0.441964285714286
"886",5,48.5,41.1,691,0.75
"887",5,31.3,23.1,579,0.5
"888",5,47.5,30.3,621,0.59375
"889",5,56.7,38.7,693,0.754464285714286
"890",5,56.5,53.5,546,0.450892857142857
"891",5,70.1,65.7,562,0.486607142857143
"892",5,48,41.1,742,0.888392857142857
"893",5,20.3,10.4,649,0.680803571428571
"894",5,23.7,10,640,0.660714285714286
"895",5,25.8,12.6,511,0.372767857142857
"896",5,46.8,36.1,595,0.560267857142857
"897",5,57.7,52.4,554,0.46875
"898",5,35,23.6,525,0.404017857142857
"899",5,66.6,63.5,572,0.508928571428571
"900",5,55.2,51.2,582,0.53125
"901",5,67.5,64.7,538,0.433035714285714
"902",5,51.2,48.4,569,0.502232142857143
"903",5,69.4,66.7,569,0.502232142857143
"904",5,57,55.4,708,0.8125
"905",5,32.3,29.1,468,0.276785714285714
"906",5,69.2,65.9,591,0.551339285714286
"907",5,74,65.1,580,0.526785714285714
"908",5,61.2,54.4,576,0.517857142857143
"909",5,62.4,60.6,559,0.479910714285714
"910",5,48.6,45.7,555,0.470982142857143
"911",5,70.4,68.5,551,0.462053571428571
"912",5,65.2,60.4,639,0.658482142857143
"913",5,50.7,49.2,519,0.390625
"914",5,51.1,48.4,538,0.433035714285714
"915",5,66.8,61.6,646,0.674107142857143
"916",5,58.9,51.3,566,0.495535714285714
"917",5,30.8,22.2,563,0.488839285714286
"918",5,47.9,44.8,649,0.680803571428571
"919",5,64.9,62.1,575,0.515625
"920",5,51.6,38.3,603,0.578125
"921",5,56.3,47.6,575,0.515625
"922",5,51.5,46,658,0.676339285714286
"923",5,71.1,68.7,537,0.40625
"924",5,44.4,39.6,514,0.354910714285714
"925",5,44.8,39.8,526,0.381696428571429
"926",5,67.3,64,803,1
"927",5,66.6,64.8,600,0.546875
"928",5,70.2,65.1,654,0.667410714285714
"929",5,61.4,57.7,669,0.700892857142857
"930",5,41.8,34.8,633,0.620535714285714
"931",5,35,23.4,502,0.328125
"932",5,39.1,31.5,615,0.580357142857143
"933",5,51.5,38.9,615,0.580357142857143
"934",5,29,11.6,599,0.544642857142857
"935",5,36.9,27.1,584,0.511160714285714
"936",5,68.3,64.1,624,0.600446428571429
"937",5,45.1,44,497,0.351485148514851
"938",5,55.3,45.3,539,0.455445544554455
"939",5,38,21.5,607,0.623762376237624
"940",5,31.8,20.6,605,0.618811881188119
"941",5,39.1,34.2,475,0.297029702970297
"942",5,52.1,42.7,535,0.445544554455446
"943",5,69.5,64.6,621,0.658415841584158
"944",5,58.6,45.6,599,0.603960396039604
"945",5,16.2,-1.1,545,0.47029702970297
"946",5,46.3,41.1,636,0.695544554455445
"947",5,66.4,64.6,482,0.314356435643564
"948",5,56.1,42.7,571,0.534653465346535
"949",5,70.3,66.7,562,0.512376237623762
"950",5,42.8,37.1,637,0.514462809917355
"951",5,54.4,49.5,705,0.65495867768595
"952",5,47.3,33.8,697,0.638429752066116
"953",5,51.6,46.1,541,0.316115702479339
"954",5,44.7,28.1,706,0.65702479338843
"955",5,65.6,62.5,676,0.59504132231405
"956",5,48.6,40.2,621,0.481404958677686
"957",5,30.6,24.5,626,0.582822085889571
"958",5,73.9,70.1,594,0.517382413087935
"959",5,70.6,67.8,620,0.570552147239264
"960",5,73.7,65,618,0.566462167689162
"961",5,28.1,18.4,585,0.498977505112474
"962",5,46.5,35.5,673,0.678936605316973
"963",5,62.4,55.2,501,0.32719836400818
"964",5,57,49.3,672,0.676891615541922
"965",5,33.6,24.1,538,0.402862985685072
"966",5,29.9,21.8,628,0.586912065439673
"967",5,53,44.9,658,0.648261758691207
"968",5,53.5,51.2,805,0.948875255623722
"969",5,73.8,68.1,606,0.541922290388548
"970",5,62.3,59.6,591,0.526785714285714
"971",5,57.8,54.9,595,0.535714285714286
"972",5,41.1,37,639,0.633928571428571
"973",5,36.8,29.5,630,0.613839285714286
"974",5,59.8,55,655,0.669642857142857
"975",5,43.7,38.8,613,0.575892857142857
"976",5,67.6,64,688,0.743303571428571
"977",5,62.9,51.9,686,0.738839285714286
"978",5,34.4,16.2,562,0.462053571428571
"979",5,31.6,23.8,553,0.441964285714286
"980",5,53.1,51.8,630,0.469601677148847
"981",5,68.7,68.6,696,0.607966457023061
"982",5,41.6,38.5,549,0.29979035639413
"983",5,41.1,35.1,576,0.356394129979036
"984",5,67.1,63.5,655,0.522012578616352
"985",5,59.3,56.1,711,0.639412997903564
"986",5,56.7,49,737,0.693920335429769
"987",5,70.8,70.2,677,0.568134171907757
"988",5,40.6,35.2,477,0.148846960167715
"989",5,32.8,25.1,709,0.635220125786163
"990",5,38.6,20.9,617,0.442348008385744
"991",5,66,62.6,654,0.640081799591002
"992",5,44.8,40.6,501,0.32719836400818
"993",5,62.4,57.8,697,0.7280163599182
"994",5,65.2,58.5,667,0.666666666666667
"995",5,62.7,52.4,720,0.775051124744376
"996",5,39.6,26.8,717,0.768916155419223
"997",5,41.2,34.2,457,0.23721881390593
"998",5,63.8,57.7,658,0.648261758691207
"999",5,31,3.9,547,0.421267893660532
"1000",5,55.3,42.1,568,0.464212678936605
"1001",5,49.8,39.7,568,0.464212678936605
"1002",5,59.5,47.2,655,0.642126789366053
"1003",5,71.9,67.4,643,0.61758691206544
"1004",5,42.1,38.5,565,0.458077709611452
"1005",5,64.8,58.1,647,0.722772277227723
"1006",5,57.9,54.7,574,0.542079207920792
"1007",5,68.7,67.2,635,0.693069306930693
"1008",5,68.4,59.6,622,0.660891089108911
"1009",5,47.5,43.6,598,0.601485148514851
"1010",5,52.5,44.6,558,0.502475247524752
"1011",5,46.5,42,580,0.556930693069307
"1012",5,36.5,25.7,540,0.457920792079208
"1013",5,39.9,37.6,487,0.326732673267327
"1014",5,70.6,62.6,553,0.49009900990099
"1015",5,39.8,31.7,520,0.408415841584158
"1016",5,41.6,40,578,0.551980198019802
"1017",5,34.8,30.4,566,0.522277227722772
"1018",5,68.5,61.9,604,0.616336633663366
"1019",5,42.6,15.7,532,0.438118811881188
"1020",5,57.8,55.1,570,0.532178217821782
"1021",5,65.6,60.2,751,0.75
"1022",5,61.7,55.2,763,0.774793388429752
"1023",5,45.7,38.8,653,0.547520661157025
"1024",5,52.8,46.7,498,0.227272727272727
"1025",5,39.1,26.8,546,0.326446280991736
"1026",5,41.5,35.8,525,0.283057851239669
"1027",5,70.3,66.8,648,0.537190082644628
"1028",5,75.4,66.3,690,0.62396694214876
"1029",5,56,48.7,605,0.558035714285714
"1030",5,63.8,54.6,604,0.555803571428571
"1031",5,21.6,-0.8,529,0.388392857142857
"1032",5,75.8,71,740,0.815950920245399
"1033",5,43.7,32.9,575,0.478527607361963
"1034",5,56.1,53.7,530,0.386503067484663
"1035",5,72.3,68.8,611,0.552147239263804
"1036",5,74.5,68.8,619,0.568507157464213
"1037",5,64.8,53.9,706,0.74642126789366
"1038",5,58.8,50.1,666,0.664621676891616
"1039",5,70.8,62.5,778,0.893660531697341
"1040",5,36.1,33.8,574,0.476482617586912
"1041",5,42.9,33.8,628,0.586912065439673
"1042",5,75.3,72.7,685,0.589690721649485
"1043",5,48.8,41.3,719,0.65979381443299
"1044",5,31.4,24.2,687,0.593814432989691
"1045",5,55.6,40.7,699,0.618556701030928
"1046",5,29.8,16.2,749,0.721649484536082
"1047",5,62.7,59.1,540,0.290721649484536
"1048",5,34.8,29,652,0.521649484536083
"1049",5,39.9,28.6,732,0.68659793814433
"1050",5,38.1,35.9,517,0.243298969072165
"1051",5,49.9,41.4,576,0.547029702970297
"1052",5,53.1,44.5,532,0.438118811881188
"1053",5,27.5,12.1,480,0.309405940594059
"1054",5,59.4,54.7,620,0.655940594059406
"1055",5,72.9,65.8,609,0.628712871287129
"1056",5,36.1,25.2,570,0.532178217821782
"1057",5,44.1,41,550,0.482673267326733
"1058",5,35.4,30.1,701,0.856435643564356
"1059",5,46.5,41.4,635,0.693069306930693
"1060",5,64.5,55.9,508,0.378712871287129
"1061",5,41.7,30.3,441,0.212871287128713
"1062",5,71.1,69.7,614,0.641089108910891
"1063",5,56.4,44.3,529,0.430693069306931
"1064",5,62.6,54.4,622,0.660891089108911
"1065",5,33.5,20.7,593,0.589108910891089
"1066",5,64,55.9,615,0.643564356435644
"1067",5,69.9,66.8,576,0.547029702970297
"1068",5,53.3,51.9,742,0.957920792079208
"1069",5,74.9,71.6,571,0.534653465346535
"1070",5,57.5,55.4,548,0.477722772277228
"1071",5,38.7,28.9,510,0.383663366336634
"1072",5,46.8,38.6,558,0.502475247524752
"1073",6,66.1,63.8,718,0.657731958762887
"1074",6,69.8,69.4,606,0.42680412371134
"1075",6,51,50.2,663,0.544329896907216
"1076",6,37.1,35.9,464,0.134020618556701
"1077",6,63.8,58.8,833,0.894845360824742
"1078",6,60,57.1,717,0.655670103092784
"1079",6,36.1,35.3,760,0.744329896907217
"1080",6,72.6,70.2,822,0.872164948453608
"1081",6,68.2,59.5,642,0.501030927835052
"1082",6,38.6,34.4,806,0.839175257731959
"1083",6,39.9,24,531,0.272164948453608
"1084",6,34.7,23,582,0.377319587628866
"1085",6,54,48.6,790,0.806185567010309
"1086",6,45.3,32.4,763,0.750515463917526
"1087",6,70,61.6,610,0.435051546391753
"1088",6,73.7,72.5,722,0.665979381443299
"1089",6,71.7,71,720,0.661855670103093
"1090",6,74.9,73.5,709,0.639175257731959
"1091",6,67.2,65.9,741,0.705154639175258
"1092",6,39.6,36.3,633,0.482474226804124
"1093",6,36.5,28.1,689,0.597938144329897
"1094",6,66.3,62.6,672,0.562886597938144
"1095",6,40.8,40.8,645,0.507216494845361
"1096",6,34.6,28.2,616,0.447422680412371
"1097",6,52.1,38.7,631,0.478350515463918
"1098",6,46.7,41,619,0.45360824742268
"1099",6,38.5,38,696,0.612371134020619
"1100",6,32.4,29.5,634,0.484536082474227
"1101",6,63.7,57.9,659,0.536082474226804
"1102",6,42.8,38.5,610,0.435051546391753
"1103",6,43.1,38.6,550,0.311340206185567
"1104",6,58,54.7,696,0.612371134020619
"1105",6,34.9,20.5,681,0.581443298969072
"1106",6,30.9,18.7,686,0.591752577319588
"1107",6,67.9,57.5,739,0.701030927835051
"1108",6,77.2,71.4,647,0.511340206185567
"1109",6,41.3,29,646,0.509278350515464
"1110",6,51.5,48,693,0.606185567010309
"1111",6,51.1,46.4,668,0.668711656441718
"1112",6,48.9,43.7,745,0.826175869120654
"1113",6,59.7,55.3,683,0.699386503067485
"1114",6,53.5,47.1,623,0.576687116564417
"1115",6,50.4,43.6,797,0.932515337423313
"1116",6,39.4,35.5,452,0.226993865030675
"1117",6,59.8,51.9,666,0.664621676891616
"1118",6,27.6,-1.5,582,0.492842535787321
"1119",6,31.8,15.1,395,0.110429447852761
"1120",6,37.1,27.6,653,0.638036809815951
"1121",6,38.1,21.9,586,0.501022494887526
"1122",6,64.1,62.6,737,0.696907216494845
"1123",6,50,48.9,729,0.680412371134021
"1124",6,55.1,54.6,698,0.616494845360825
"1125",6,41.6,40.3,613,0.441237113402062
"1126",6,41.8,40.6,706,0.632989690721649
"1127",6,63.4,61.5,815,0.857731958762887
"1128",6,24.9,4.8,412,0.0268041237113402
"1129",6,38.3,34.7,594,0.402061855670103
"1130",6,49.8,41.1,696,0.785714285714286
"1131",6,24.7,11.2,571,0.506696428571429
"1132",6,66.7,64.4,670,0.727678571428571
"1133",6,50.3,48.3,650,0.683035714285714
"1134",6,69.4,66.1,584,0.535714285714286
"1135",6,31.1,22.4,603,0.578125
"1136",6,49.6,28.7,586,0.540178571428571
"1137",6,60,57.2,569,0.502232142857143
"1138",6,40.8,33.7,669,0.725446428571429
"1139",6,37.5,23.8,508,0.366071428571429
"1140",6,43.1,28,606,0.584821428571429
"1141",6,69.4,60.8,727,0.854910714285714
"1142",6,28.4,8.6,538,0.433035714285714
"1143",6,36.8,32.9,597,0.540178571428571
"1144",6,74.3,70.3,618,0.587053571428571
"1145",6,39.1,37.9,588,0.520089285714286
"1146",6,49.4,46.5,668,0.698660714285714
"1147",6,46.5,44.7,592,0.529017857142857
"1148",6,43.7,38.7,540,0.412946428571429
"1149",6,73.3,69.8,646,0.649553571428571
"1150",6,35.5,19.5,664,0.689732142857143
"1151",6,55.5,45.3,613,0.575892857142857
"1152",6,52.9,50.7,688,0.591194968553459
"1153",6,60.1,59.6,658,0.528301886792453
"1154",6,52.7,45.2,660,0.532494758909853
"1155",6,63.9,63.8,535,0.270440251572327
"1156",6,36.1,28.8,652,0.515723270440252
"1157",6,38.7,30.1,469,0.132075471698113
"1158",6,37.7,24.2,586,0.377358490566038
"1159",6,36.4,19.7,552,0.306079664570231
"1160",6,47.5,44.1,632,0.473794549266247
"1161",6,41.9,38.5,713,0.643605870020964
"1162",6,70.8,69.6,759,0.740041928721174
"1163",6,40,25.9,639,0.488469601677149
"1164",6,26.4,1.5,703,0.622641509433962
"1165",6,46.6,43.4,811,0.849056603773585
"1166",6,49.5,42,686,0.587002096436059
"1167",6,32.4,19.7,742,0.70440251572327
"1168",6,59.7,58.3,766,0.754716981132076
"1169",6,57.1,49.2,603,0.412997903563941
"1170",6,28.9,14.7,597,0.431818181818182
"1171",6,65.2,56.3,689,0.621900826446281
"1172",6,72.2,69,709,0.663223140495868
"1173",6,40.5,29.9,542,0.318181818181818
"1174",6,29.9,11.8,625,0.489669421487603
"1175",6,49.4,40.5,706,0.65702479338843
"1176",6,37.3,29.4,542,0.318181818181818
"1177",6,60.4,54.3,662,0.566115702479339
"1178",6,71.5,65.7,635,0.510330578512397
"1179",6,55.7,53.8,654,0.519916142557652
"1180",6,40.7,36.9,610,0.427672955974843
"1181",6,67.8,66,650,0.511530398322851
"1182",6,48.3,39.9,702,0.620545073375262
"1183",6,43.4,28.1,693,0.60167714884696
"1184",6,57.2,45.8,771,0.765199161425577
"1185",6,61.8,59.2,610,0.427672955974843
"1186",6,68.9,63.6,761,0.770661157024793
"1187",6,65.7,53.9,742,0.731404958677686
"1188",6,46.5,36.4,831,0.915289256198347
"1189",6,51,44.6,652,0.545454545454545
"1190",6,58.8,56.2,689,0.621900826446281
"1191",6,59.6,56.6,757,0.762396694214876
"1192",6,59.7,55.3,491,0.328125
"1193",6,59.9,56.3,558,0.477678571428571
"1194",6,57.8,51.8,659,0.703125
"1195",6,41.6,28.9,645,0.671875
"1196",6,32.2,27.9,545,0.448660714285714
"1197",6,39.6,32.2,556,0.473214285714286
"1198",6,74.5,70,665,0.662576687116564
"1199",6,28,19.6,539,0.404907975460123
"1200",6,13.1,-2.4,573,0.474437627811861
"1201",6,48.1,38.3,640,0.611451942740286
"1202",6,45.5,43.9,626,0.491735537190083
"1203",6,51,47.1,663,0.568181818181818
"1204",6,45.1,38.1,635,0.510330578512397
"1205",6,68.7,66.7,603,0.444214876033058
"1206",6,55.7,53.5,683,0.609504132231405
"1207",6,57.3,50.9,764,0.776859504132231
"1208",6,42.7,35.1,635,0.510330578512397
"1209",6,36,23.1,592,0.421487603305785
"1210",6,73.6,71.8,672,0.586776859504132
"1211",6,59.9,46.7,686,0.615702479338843
"1212",6,67.2,57.8,660,0.56198347107438
"1213",6,67.4,67.2,728,0.675052410901468
"1214",6,44,41.7,581,0.366876310272537
"1215",6,63.7,62.6,657,0.526205450733753
"1216",6,47.8,36.9,653,0.517819706498952
"1217",6,15.3,-1.4,609,0.425576519916143
"1218",6,49.8,38.5,590,0.385744234800839
"1219",6,61.7,59.9,611,0.429769392033543
"1220",6,67.1,65.1,790,0.805031446540881
"1221",6,38.1,33.3,507,0.211740041928721
"1222",6,65.8,59.4,845,0.920335429769392
"1223",6,51.5,34.8,701,0.618448637316562
"1224",6,67.5,66,713,0.643605870020964
"1225",6,28.5,11.1,839,0.907756813417191
"1226",6,43.2,34,663,0.538784067085954
"1227",6,68,60.8,639,0.488469601677149
"1228",6,58.9,56.1,746,0.712788259958071
"1229",6,66.2,60.6,618,0.444444444444444
"1230",6,71.4,71,620,0.591517857142857
"1231",6,54.5,51.8,615,0.580357142857143
"1232",6,58.2,50,608,0.564732142857143
"1233",6,51.4,42.7,669,0.700892857142857
"1234",6,15.7,1.9,601,0.549107142857143
"1235",6,47.7,34.1,593,0.53125
"1236",6,69.5,61.4,605,0.558035714285714
"1237",6,52.5,45.6,722,0.819196428571429
"1238",6,69.6,66.7,539,0.435267857142857
"1239",6,26.3,14,558,0.477678571428571
"1240",6,61.1,47.4,650,0.683035714285714
"1241",6,70.4,63.7,587,0.542410714285714
"1242",6,40.8,39.3,521,0.395089285714286
"1243",6,41.7,37.6,628,0.633928571428571
"1244",6,52,43.4,596,0.5625
"1245",6,67.7,62.9,626,0.629464285714286
"1246",6,67.3,61.5,675,0.738839285714286
"1247",6,41.8,36.7,378,0.0758928571428571
"1248",6,23.5,8.3,561,0.484375
"1249",6,65,63.4,602,0.575892857142857
"1250",6,64.4,60.3,619,0.613839285714286
"1251",6,60.8,45.9,499,0.345982142857143
"1252",6,53.6,48.7,652,0.6875
"1253",6,56.1,45,626,0.629464285714286
"1254",6,67.8,60.8,625,0.627232142857143
"1255",6,59.5,57,639,0.658482142857143
"1256",6,71,62.4,618,0.611607142857143
"1257",6,30.4,24.5,569,0.502232142857143
"1258",6,67.1,60.6,567,0.497767857142857
"1259",6,45.7,32.6,635,0.649553571428571
"1260",6,50.3,46.2,593,0.555803571428571
"1261",6,69.3,60.6,585,0.537946428571429
"1262",6,40.9,30.9,592,0.553571428571429
"1263",6,37,32,447,0.229910714285714
"1264",6,61,53,563,0.488839285714286
"1265",6,69.1,67.3,740,0.883928571428571
"1266",6,22,5.8,657,0.698660714285714
"1267",6,52,42.7,663,0.712053571428571
"1268",6,16.5,5.1,612,0.598214285714286
"1269",6,42.4,32.2,621,0.618303571428571
"1270",6,68.6,64.8,560,0.457589285714286
"1271",6,71,68.2,592,0.529017857142857
"1272",6,66.6,63.7,394,0.0870535714285714
"1273",6,47.2,41,374,0.0424107142857143
"1274",6,34.9,21.2,580,0.502232142857143
"1275",6,35,24.6,545,0.424107142857143
"1276",6,22.1,1.6,556,0.448660714285714
"1277",6,57.3,45.7,605,0.558035714285714
"1278",6,40.3,24,537,0.40625
"1279",6,40.7,32.6,624,0.600446428571429
"1280",6,60.9,56.2,685,0.816831683168317
"1281",6,57.7,50.1,559,0.504950495049505
"1282",6,75.6,69.6,636,0.695544554455445
"1283",6,39,26.7,628,0.675742574257426
"1284",6,30.6,14.1,498,0.353960396039604
"1285",6,69.8,68,438,0.205445544554455
"1286",6,49.9,42,585,0.569306930693069
"1287",6,62.4,54.6,536,0.448019801980198
"1288",6,36.6,29.3,631,0.683168316831683
"1289",6,42.5,34.5,549,0.48019801980198
"1290",6,49.6,39,694,0.632231404958678
"1291",6,71.7,66.5,659,0.559917355371901
"1292",6,55.2,45.5,744,0.735537190082645
"1293",6,64.2,57.8,715,0.675619834710744
"1294",6,30.9,10.8,666,0.574380165289256
"1295",6,49.6,43.8,629,0.497933884297521
"1296",6,42.2,34.3,428,0.0826446280991736
"1297",6,68.5,66.8,717,0.679752066115702
"1298",6,48.6,43,707,0.659090909090909
"1299",6,71.5,67,675,0.59297520661157
"1300",6,47.7,34.1,489,0.208677685950413
"1301",6,69.3,65.6,744,0.824130879345603
"1302",6,61.5,54.2,619,0.568507157464213
"1303",6,46.4,28.5,560,0.447852760736196
"1304",6,68.7,57.9,670,0.67280163599182
"1305",6,29.2,20.9,519,0.3640081799591
"1306",6,52.2,42.8,552,0.431492842535787
"1307",6,73.5,59.6,630,0.591002044989775
"1308",6,62.4,57.6,682,0.697341513292434
"1309",6,54.8,41.1,615,0.560327198364008
"1310",6,57.1,42,683,0.699386503067485
"1311",6,50.1,41.2,383,0.0858895705521472
"1312",6,68.7,62.5,603,0.535787321063395
"1313",6,63.2,60.9,767,0.871165644171779
"1314",6,35.8,33.6,548,0.423312883435583
"1315",6,61,59.3,697,0.763392857142857
"1316",6,56.7,53.8,634,0.622767857142857
"1317",6,26,18.6,699,0.767857142857143
"1318",6,74.6,72.8,587,0.517857142857143
"1319",6,65.4,63.4,689,0.745535714285714
"1320",6,43.3,36.2,647,0.651785714285714
"1321",6,39.4,32.9,504,0.332589285714286
"1322",6,36.3,27.9,644,0.645089285714286
"1323",6,67.7,60.6,628,0.609375
"1324",6,53.3,47.6,642,0.640625
"1325",6,44.5,26,660,0.680803571428571
"1326",6,39,33.6,611,0.571428571428571
"1327",6,53.8,51.1,742,0.70440251572327
"1328",6,69.4,66.3,740,0.70020964360587
"1329",6,74.7,70.6,774,0.771488469601677
"1330",6,65.6,62.6,767,0.756813417190776
"1331",6,70,60.2,631,0.471698113207547
"1332",6,45.9,34.3,665,0.542976939203354
"1333",6,28.2,20.4,883,1
"1334",6,47.8,45.5,646,0.50314465408805
"1335",6,44.3,39.9,563,0.329140461215933
"1336",6,73.4,69.4,600,0.529652351738241
"1337",6,72.3,60.6,614,0.558282208588957
"1338",6,74.2,70.7,717,0.768916155419223
"1339",6,60.5,55.7,666,0.664621676891616
"1340",6,54,39.9,654,0.640081799591002
"1341",6,55.9,42.3,684,0.701431492842536
"1342",6,32.7,30.2,830,1
"1343",6,52.5,49,637,0.605316973415133
"1344",6,42.6,39.7,525,0.376278118609407
"1345",6,56.8,46.4,516,0.398514851485149
"1346",6,38.3,29.9,508,0.378712871287129
"1347",6,67.2,52.7,599,0.603960396039604
"1348",6,67.8,64,549,0.48019801980198
"1349",6,14.3,-1.9,554,0.492574257425743
"1350",6,70.5,68.9,578,0.551980198019802
"1351",6,71.8,69.7,550,0.482673267326733
"1352",6,38.3,35.2,535,0.445544554455446
"1353",6,68.9,64.7,643,0.712871287128713
"1354",6,33.3,26.8,428,0.180693069306931
"1355",6,37,25.3,557,0.5
"1356",6,67.7,62.8,507,0.376237623762376
"1357",6,29.4,13.4,526,0.423267326732673
"1358",6,42.8,27.4,620,0.655940594059406
"1359",6,57.2,53.6,602,0.611386138613861
"1360",6,54.8,50.9,615,0.643564356435644
"1361",6,43.4,40.5,573,0.53960396039604
"1362",6,65.8,56.3,590,0.581683168316832
"1363",6,46.5,37.3,553,0.49009900990099
"1364",6,46.2,41,517,0.400990099009901
"1365",6,43.5,30.4,555,0.495049504950495
"1366",6,67.4,62.1,493,0.341584158415842
"1367",6,60.6,53.1,681,0.806930693069307
"1368",6,59.4,57.4,574,0.542079207920792
"1369",6,40.1,28.4,429,0.183168316831683
"1370",6,39.4,34.6,491,0.336633663366337
"1371",6,39.1,27.5,607,0.623762376237624
"1372",6,50.9,44.8,630,0.5
"1373",6,63,59.4,643,0.526859504132231
"1374",6,60,54.9,624,0.487603305785124
"1375",6,29.8,14,749,0.745867768595041
"1376",6,69.1,65.9,741,0.729338842975207
"1377",6,70.4,63.4,731,0.708677685950413
"1378",6,64.5,53.4,757,0.762396694214876
"1379",6,51.6,49.4,609,0.456611570247934
"1380",6,38.9,32.3,700,0.644628099173554
"1381",6,35,24.4,681,0.605371900826446
"1382",6,45.4,42.5,612,0.462809917355372
"1383",6,53.4,49.7,734,0.714876033057851
"1384",6,31.5,21.3,622,0.483471074380165
"1385",6,53.9,44.5,694,0.632231404958678
"1386",6,44,32.4,674,0.590909090909091
"1387",6,62,59.9,744,0.868303571428571
"1388",6,66.8,65.7,658,0.676339285714286
"1389",6,61.4,60.1,734,0.845982142857143
"1390",6,62.5,60.2,616,0.582589285714286
"1391",6,51.3,48.8,625,0.602678571428571
"1392",6,55.3,47.3,690,0.747767857142857
"1393",6,64.7,61.4,645,0.647321428571429
"1394",6,47.7,40.9,518,0.363839285714286
"1395",6,29.4,15,586,0.515625
"1396",6,46.5,41.8,527,0.380368098159509
"1397",6,57.7,55.8,603,0.535787321063395
"1398",6,73.8,71.2,716,0.766871165644172
"1399",6,46.9,37.6,612,0.554192229038855
"1400",6,71.1,65.8,714,0.76278118609407
"1401",6,69.1,61.2,567,0.462167689161554
"1402",6,34.1,28.9,569,0.466257668711656
"1403",6,35.5,30.5,508,0.341513292433538
"1404",6,67.3,57.3,686,0.705521472392638
"1405",6,27,19.7,515,0.355828220858896
"1406",6,31,23.6,526,0.378323108384458
"1407",6,58.9,55.9,690,0.713701431492842
"1408",6,64.6,59.7,666,0.664621676891616
"1409",6,59.1,47.7,615,0.560327198364008
"1410",6,71.9,60.8,623,0.576687116564417
"1411",6,76.2,72.4,736,0.694845360824742
"1412",6,28,12.4,602,0.418556701030928
"1413",6,45.6,23.6,735,0.692783505154639
"1414",6,54.1,54.1,732,0.68659793814433
"1415",6,56.3,49.7,770,0.764948453608247
"1416",6,58.4,52.6,559,0.504950495049505
"1417",6,58.6,51,605,0.618811881188119
"1418",6,65.5,64,598,0.601485148514851
"1419",6,60.8,52.4,535,0.445544554455446
"1420",6,46.5,40.3,592,0.586633663366337
"1421",6,61.5,57.6,735,0.940594059405941
"1422",6,57.8,55.7,646,0.72029702970297
"1423",6,48.4,34.5,632,0.685643564356436
"1424",6,21.8,7.8,549,0.48019801980198
"1425",6,41.4,38.9,517,0.400990099009901
"1426",6,65.7,63.7,572,0.537128712871287
"1427",6,70.2,67.6,695,0.841584158415842
"1428",6,50.8,45.1,583,0.564356435643564
"1429",6,39,18.8,566,0.522277227722772
"1430",6,28.1,11.3,648,0.725247524752475
"1431",7,63.1,60.6,830,0.888659793814433
"1432",7,58.6,58.4,751,0.725773195876289
"1433",7,68,66,845,0.919587628865979
"1434",7,41.8,36.7,681,0.581443298969072
"1435",7,23,13.8,700,0.620618556701031
"1436",7,48.3,37.1,867,0.964948453608247
"1437",7,71.1,64.3,671,0.560824742268041
"1438",7,37.5,31.9,732,0.68659793814433
"1439",7,61.1,56.4,728,0.678350515463918
"1440",7,45.3,45.2,884,1
"1441",7,44.8,44.6,582,0.377319587628866
"1442",7,70.6,70.1,753,0.729896907216495
"1443",7,42.8,39.1,720,0.661855670103093
"1444",7,64.9,60.7,684,0.587628865979381
"1445",7,43.7,43.7,704,0.628865979381443
"1446",7,34.2,30.8,617,0.449484536082474
"1447",7,38,25.2,515,0.239175257731959
"1448",7,48.8,46.9,690,0.6
"1449",7,59,54,728,0.678350515463918
"1450",7,38,22.5,705,0.630927835051546
"1451",7,76.9,68.4,707,0.635051546391753
"1452",7,28.3,17.3,583,0.379381443298969
"1453",7,49.2,33.4,787,0.8
"1454",7,60.5,58.5,712,0.645360824742268
"1455",7,73.7,72.6,749,0.721649484536082
"1456",7,52.2,49.1,616,0.447422680412371
"1457",7,56.5,53.6,799,0.824742268041237
"1458",7,56.8,48.7,805,0.837113402061856
"1459",7,35.5,28.2,751,0.725773195876289
"1460",7,38.4,30.1,743,0.709278350515464
"1461",7,64.3,56.7,700,0.620618556701031
"1462",7,64.9,57.6,659,0.650306748466258
"1463",7,67,60.2,451,0.224948875255624
"1464",7,56.2,43,742,0.820040899795501
"1465",7,40.4,21.5,442,0.206543967280164
"1466",7,50.4,49.1,782,0.789690721649485
"1467",7,54.8,51.9,757,0.738144329896907
"1468",7,37.5,32.5,548,0.307216494845361
"1469",7,62.2,57,796,0.818556701030928
"1470",7,47.7,45.3,755,0.734020618556701
"1471",7,67.1,61.5,681,0.581443298969072
"1472",7,60.6,54.6,715,0.651546391752577
"1473",7,39.8,25.4,747,0.717525773195876
"1474",7,64.8,55.1,726,0.674226804123711
"1475",7,51.9,44.7,698,0.790178571428571
"1476",7,38.6,35.8,589,0.546875
"1477",7,59,44,541,0.439732142857143
"1478",7,58.5,54,719,0.837053571428571
"1479",7,42.2,40,545,0.448660714285714
"1480",7,29.4,20.9,533,0.421875
"1481",7,44.8,33.5,446,0.227678571428571
"1482",7,69.6,59.4,625,0.627232142857143
"1483",7,40.6,39.4,661,0.683035714285714
"1484",7,59.3,52.2,728,0.832589285714286
"1485",7,48.4,43.5,660,0.680803571428571
"1486",7,59.3,55,591,0.526785714285714
"1487",7,45.3,42.3,673,0.709821428571429
"1488",7,59.8,55.3,734,0.845982142857143
"1489",7,27.2,10.7,652,0.662946428571429
"1490",7,39.8,36,616,0.582589285714286
"1491",7,55.4,52.9,776,0.775681341719078
"1492",7,67.9,67.7,827,0.882599580712788
"1493",7,58.7,58.5,776,0.775681341719078
"1494",7,53.1,51,857,0.945492662473795
"1495",7,31.7,25.8,600,0.406708595387841
"1496",7,13.7,5.4,598,0.40251572327044
"1497",7,47.5,44.3,657,0.526205450733753
"1498",7,30.9,14,609,0.425576519916143
"1499",7,62.7,50,681,0.576519916142558
"1500",7,75.6,69.6,733,0.685534591194969
"1501",7,47.8,42.6,694,0.60377358490566
"1502",7,33,13.4,756,0.733752620545073
"1503",7,41,26.6,682,0.578616352201258
"1504",7,31.8,17.3,680,0.574423480083857
"1505",7,61.3,61.3,614,0.436058700209644
"1506",7,67.6,65.8,655,0.522012578616352
"1507",7,66.9,63.7,747,0.714884696016772
"1508",7,40.8,30.7,502,0.20125786163522
"1509",7,21,9.1,708,0.633123689727463
"1510",7,35.3,21.9,654,0.519916142557652
"1511",7,64.9,64.2,649,0.509433962264151
"1512",7,54.1,43.5,759,0.740041928721174
"1513",7,51.8,46.3,798,0.847107438016529
"1514",7,70.7,67.9,798,0.847107438016529
"1515",7,49.7,43.2,696,0.636363636363636
"1516",7,50.9,44.1,776,0.801652892561983
"1517",7,39,28.8,692,0.628099173553719
"1518",7,55.5,51.7,766,0.78099173553719
"1519",7,67.7,66.7,758,0.737945492662474
"1520",7,35.5,26.4,612,0.431865828092243
"1521",7,64.9,63.4,793,0.811320754716981
"1522",7,42.1,29.8,583,0.371069182389937
"1523",7,37.6,30.7,753,0.727463312368973
"1524",7,39.9,32.5,605,0.417190775681342
"1525",7,56.4,49.4,658,0.528301886792453
"1526",7,59.6,48.5,757,0.735849056603774
"1527",7,43.8,33.2,814,0.855345911949686
"1528",7,54.8,52.5,702,0.648760330578512
"1529",7,41.2,28,393,0.0103305785123967
"1530",7,55.4,48.4,741,0.729338842975207
"1531",7,48.5,43.5,728,0.702479338842975
"1532",7,66.9,63.6,752,0.752066115702479
"1533",7,65.7,64.2,612,0.462809917355372
"1534",7,60.1,54.5,872,1
"1535",7,46.8,42.9,672,0.586776859504132
"1536",7,66.3,62.1,812,0.87603305785124
"1537",7,58.4,55.9,710,0.665289256198347
"1538",7,65.3,60.4,700,0.644628099173554
"1539",7,40.2,23.9,476,0.181818181818182
"1540",7,74.4,65.7,707,0.659090909090909
"1541",7,47,37,644,0.528925619834711
"1542",7,63.2,59.7,648,0.678571428571429
"1543",7,51.5,44.5,584,0.535714285714286
"1544",7,33.7,26.7,560,0.482142857142857
"1545",7,69.1,62.4,642,0.665178571428571
"1546",7,28.1,15.7,675,0.738839285714286
"1547",7,57.2,42.7,648,0.678571428571429
"1548",7,48,40.6,609,0.591517857142857
"1549",7,25.4,9,585,0.537946428571429
"1550",7,36.8,15.4,677,0.743303571428571
"1551",7,39.3,28.2,589,0.546875
"1552",7,70.6,65.2,643,0.61758691206544
"1553",7,43.9,41.7,486,0.296523517382413
"1554",7,76.7,68.5,753,0.842535787321063
"1555",7,52.2,50,694,0.721881390593047
"1556",7,21.8,11,757,0.850715746421268
"1557",7,43.8,37.2,642,0.615541922290389
"1558",7,58.9,52.7,764,0.865030674846626
"1559",7,71.4,59.5,609,0.548057259713701
"1560",7,56,53.3,798,0.934560327198364
"1561",7,35.2,22.5,751,0.838445807770961
"1562",7,69.2,63.2,697,0.638429752066116
"1563",7,19.3,4.2,628,0.495867768595041
"1564",7,36.5,25.6,722,0.690082644628099
"1565",7,56.4,47.9,782,0.814049586776859
"1566",7,64.6,62.1,851,0.956611570247934
"1567",7,53.6,44.3,777,0.803719008264463
"1568",7,55.6,49.7,754,0.756198347107438
"1569",7,55.9,45.7,767,0.783057851239669
"1570",7,36.6,19.2,701,0.646694214876033
"1571",7,46.4,28.4,733,0.712809917355372
"1572",7,45.7,43.4,690,0.59538784067086
"1573",7,66,66,674,0.561844863731656
"1574",7,69.2,66.9,685,0.584905660377358
"1575",7,66.6,65.6,612,0.431865828092243
"1576",7,58.2,48.2,737,0.693920335429769
"1577",7,59.8,52.9,657,0.526205450733753
"1578",7,33.2,8.8,745,0.710691823899371
"1579",7,44.6,33.5,724,0.666666666666667
"1580",7,62,54.1,823,0.874213836477987
"1581",7,65.4,60.5,740,0.70020964360587
"1582",7,63.2,61.5,771,0.928571428571429
"1583",7,66.1,64.7,542,0.417410714285714
"1584",7,42.3,39.4,718,0.810267857142857
"1585",7,69.2,67.7,666,0.694196428571429
"1586",7,57.4,51.3,708,0.787946428571429
"1587",7,48.1,43.4,633,0.620535714285714
"1588",7,55.5,53.4,606,0.560267857142857
"1589",7,66.8,62.9,753,0.888392857142857
"1590",7,49.3,42,621,0.59375
"1591",7,43.8,35.3,688,0.743303571428571
"1592",7,67.1,58.9,650,0.658482142857143
"1593",7,52.3,49.6,726,0.828125
"1594",7,26.7,18.2,711,0.794642857142857
"1595",7,38.3,26.1,546,0.426339285714286
"1596",7,64.6,48.8,765,0.939732142857143
"1597",7,61.3,54.4,743,0.890625
"1598",7,63.9,53.8,660,0.705357142857143
"1599",7,67.2,53.4,631,0.640625
"1600",7,37,30.9,444,0.223214285714286
"1601",7,14.8,-0.5,705,0.805803571428571
"1602",7,70.3,67.2,647,0.676339285714286
"1603",7,67.5,62.9,667,0.720982142857143
"1604",7,54.9,48.6,660,0.705357142857143
"1605",7,52.5,46.7,641,0.662946428571429
"1606",7,67.1,58.8,730,0.861607142857143
"1607",7,63.1,59.1,643,0.667410714285714
"1608",7,66.8,59.2,522,0.397321428571429
"1609",7,24.2,20.2,423,0.176339285714286
"1610",7,54.3,51.1,669,0.725446428571429
"1611",7,69.9,68.2,360,0.0357142857142857
"1612",7,43.7,34.9,654,0.691964285714286
"1613",7,58.3,52.8,700,0.794642857142857
"1614",7,51.3,43.6,668,0.723214285714286
"1615",7,40,30.2,622,0.620535714285714
"1616",7,49.7,42.2,650,0.683035714285714
"1617",7,20.3,0.3,655,0.694196428571429
"1618",7,67.4,60.8,653,0.689732142857143
"1619",7,37,27.8,687,0.765625
"1620",7,61.7,58.6,708,0.8125
"1621",7,40.4,32,496,0.339285714285714
"1622",7,63.9,60,568,0.5
"1623",7,40.2,35.7,792,1
"1624",7,37.3,26.2,652,0.6875
"1625",7,28.8,22.6,667,0.720982142857143
"1626",7,39.3,27.7,673,0.734375
"1627",7,49,32.3,617,0.609375
"1628",7,41.2,35.6,530,0.415178571428571
"1629",7,66.3,57.6,601,0.573660714285714
"1630",7,61.7,57.5,749,0.879464285714286
"1631",7,47.3,44.1,651,0.660714285714286
"1632",7,70.8,68.3,747,0.875
"1633",7,42.7,31.3,676,0.716517857142857
"1634",7,58.7,48.7,782,0.953125
"1635",7,17.6,-1.7,651,0.660714285714286
"1636",7,55,42.4,634,0.622767857142857
"1637",7,35.4,25.4,531,0.435643564356436
"1638",7,34.3,28.5,703,0.861386138613861
"1639",7,47.1,32,682,0.809405940594059
"1640",7,28.1,12,695,0.841584158415842
"1641",7,66.1,64.4,617,0.648514851485149
"1642",7,58.1,51.2,553,0.49009900990099
"1643",7,62,56.8,736,0.943069306930693
"1644",7,53,39.1,617,0.648514851485149
"1645",7,40.4,29.9,583,0.402892561983471
"1646",7,70.8,68.3,774,0.797520661157025
"1647",7,54.9,41,665,0.572314049586777
"1648",7,46.1,33.9,517,0.266528925619835
"1649",7,40.8,38.4,607,0.452479338842975
"1650",7,71.4,68.3,715,0.675619834710744
"1651",7,46.4,32.8,690,0.62396694214876
"1652",7,41.3,33.1,602,0.442148760330579
"1653",7,18.2,-2.1,792,0.834710743801653
"1654",7,34.5,23.4,563,0.45398773006135
"1655",7,65.4,57.4,813,0.965235173824131
"1656",7,61.2,50.2,585,0.498977505112474
"1657",7,30.3,13.2,570,0.468302658486708
"1658",7,45.6,32,680,0.693251533742331
"1659",7,57.4,41.6,688,0.70961145194274
"1660",7,31.6,20.4,598,0.525562372188139
"1661",7,71.7,60.3,490,0.304703476482618
"1662",7,42.4,40,532,0.390593047034765
"1663",7,35.1,31.1,622,0.574642126789366
"1664",7,65.2,60.1,709,0.752556237218814
"1665",7,62.3,60.4,616,0.562372188139059
"1666",7,47.5,43.2,679,0.69120654396728
"1667",7,53.1,46.6,692,0.717791411042945
"1668",7,45,41.6,491,0.306748466257669
"1669",7,33.2,28.1,596,0.537946428571429
"1670",7,39.4,18.1,701,0.772321428571429
"1671",7,55.9,51.1,647,0.651785714285714
"1672",7,39,30.2,598,0.542410714285714
"1673",7,59.6,50.1,687,0.741071428571429
"1674",7,63.7,61.5,707,0.631027253668763
"1675",7,32.7,24.3,720,0.658280922431866
"1676",7,66.4,60,633,0.475890985324948
"1677",7,57.6,52.7,770,0.763102725366876
"1678",7,48.2,44.2,772,0.767295597484277
"1679",7,49.4,44,776,0.775681341719078
"1680",7,48.6,42.2,817,0.861635220125786
"1681",7,46.8,37.5,604,0.415094339622642
"1682",7,47.5,34.1,515,0.228511530398323
"1683",7,70.4,63.5,729,0.793456032719836
"1684",7,52.6,48.4,480,0.284253578732106
"1685",7,24.2,12.2,703,0.740286298568507
"1686",7,71.2,61.9,726,0.787321063394683
"1687",7,68.3,58.3,549,0.425357873210634
"1688",7,53.8,48,727,0.789366053169734
"1689",7,60.1,47.3,676,0.685071574642127
"1690",7,69.4,67.8,599,0.603960396039604
"1691",7,42.5,37.5,674,0.78960396039604
"1692",7,62,56.1,690,0.829207920792079
"1693",7,33.1,22.7,476,0.299504950495049
"1694",7,55,50.7,693,0.836633663366337
"1695",7,62.8,57.5,658,0.75
"1696",7,38,31.4,660,0.754950495049505
"1697",7,66.1,64.8,608,0.626237623762376
"1698",7,61,58.7,668,0.774752475247525
"1699",7,50.6,49.7,759,1
"1700",7,45.2,34.3,520,0.408415841584158
"1701",7,31.2,12.9,437,0.202970297029703
"1702",7,60.6,56.6,621,0.658415841584158
"1703",7,32.2,21.1,505,0.371287128712871
"1704",7,52.6,49.4,570,0.532178217821782
"1705",7,34.3,27.6,604,0.616336633663366
"1706",7,60.3,47.8,525,0.420792079207921
"1707",7,46.2,41.9,702,0.858910891089109
"1708",7,70.7,68.8,579,0.554455445544555
"1709",7,62.3,57,680,0.804455445544555
"1710",7,49.5,37.8,675,0.792079207920792
"1711",7,67.4,59.7,678,0.79950495049505
"1712",7,74.3,72.2,729,0.704545454545455
"1713",7,60,55.8,767,0.783057851239669
"1714",7,73.4,70,756,0.760330578512397
"1715",7,65.3,56.6,811,0.87396694214876
"1716",7,72.4,68.4,769,0.787190082644628
"1717",7,48.6,43.1,455,0.138429752066116
"1718",7,28,11.8,702,0.648760330578512
"1719",7,34.7,21.7,532,0.297520661157025
"1720",7,59.2,45.1,818,0.888429752066116
"1721",7,50.8,48.5,546,0.326446280991736
"1722",7,41.3,36.8,645,0.53099173553719
"1723",7,33.9,26.2,685,0.613636363636364
"1724",7,57.7,47.7,780,0.809917355371901
"1725",7,63,51.5,748,0.743801652892562
"1726",7,58.2,56.1,765,0.915178571428571
"1727",7,46.8,44.2,500,0.323660714285714
"1728",7,66.6,64.4,523,0.375
"1729",7,37,28.5,666,0.694196428571429
"1730",7,63.5,56.6,703,0.776785714285714
"1731",7,40.5,30.5,425,0.15625
"1732",7,71.6,64.1,610,0.569196428571429
"1733",7,53.7,50.7,551,0.4375
"1734",7,73.7,67.3,645,0.647321428571429
"1735",7,44.4,40.2,563,0.464285714285714
"1736",7,58.8,50.6,688,0.743303571428571
"1737",7,72,65.8,569,0.477678571428571
"1738",7,28.6,13.4,644,0.645089285714286
"1739",7,68,63.3,630,0.613839285714286
"1740",7,54.2,52.4,767,0.871165644171779
"1741",7,68.6,65.6,765,0.867075664621677
"1742",7,70.1,66.5,760,0.856850715746421
"1743",7,52.4,47.8,709,0.752556237218814
"1744",7,57,52.8,819,0.977505112474438
"1745",7,66,60.5,774,0.885480572597137
"1746",7,58.3,47.5,677,0.687116564417178
"1747",7,44,27.7,676,0.685071574642127
"1748",7,73.6,70.2,753,0.842535787321063
"1749",7,65.6,58,732,0.79959100204499
"1750",7,16.8,5,652,0.6359918200409
"1751",7,54.4,46.4,723,0.78118609406953
"1752",7,31.1,11.6,609,0.548057259713701
"1753",7,14.1,-0.8,621,0.572597137014315
"1754",7,70.6,69.3,654,0.525773195876289
"1755",7,74.9,72.1,703,0.62680412371134
"1756",7,46.8,46.8,580,0.37319587628866
"1757",7,60,57.8,746,0.715463917525773
"1758",7,43.2,33.2,707,0.635051546391753
"1759",7,69.9,63.6,623,0.461855670103093
"1760",7,37.9,32.3,841,0.911340206185567
"1761",7,25.3,7,677,0.57319587628866
"1762",7,28.9,21.4,599,0.412371134020619
"1763",7,36.1,21.4,753,0.729896907216495
"1764",7,53.3,51.3,723,0.668041237113402
"1765",7,23,11.1,476,0.158762886597938
"1766",7,62.6,58.5,631,0.683168316831683
"1767",7,65,59.2,599,0.603960396039604
"1768",7,33.1,15.5,574,0.542079207920792
"1769",7,62.3,59.7,710,0.878712871287129
"1770",7,42.9,38.5,582,0.561881188118812
"1771",7,58.2,43.9,742,0.957920792079208
"1772",7,39.3,34.2,603,0.613861386138614
"1773",7,31.2,13.7,607,0.623762376237624
"1774",7,48,30.2,647,0.722772277227723
"1775",7,73.9,71.4,697,0.846534653465347
"1776",7,46.9,39.7,686,0.819306930693069
"1777",7,43.6,35.7,649,0.727722772277228
"1778",7,56.1,51,698,0.849009900990099
"1779",7,71.6,68.2,576,0.547029702970297
"1780",7,19,3.3,674,0.78960396039604
"1781",7,69.7,66,626,0.670792079207921
"1782",7,28.1,16.6,561,0.50990099009901
"1783",7,69.1,67,652,0.735148514851485
"1784",7,38.6,33.2,604,0.616336633663366
"1785",7,70.6,65,636,0.695544554455445
"1786",2,59.8,46,622,0.45979381443299
"1787",2,47.7,45,624,0.463917525773196
"1788",2,73.9,72.4,579,0.371134020618557
"1789",2,65.9,61,596,0.406185567010309
"1790",2,55.5,46.3,544,0.298969072164948
"1791",2,38.1,32.5,530,0.270103092783505
"1792",2,53.2,44.9,577,0.36701030927835
"1793",2,71.1,65.4,651,0.519587628865979
"1794",2,49.5,48.3,604,0.422680412371134
"1795",2,59.2,57,513,0.235051546391753
"1796",2,42.3,41.5,540,0.290721649484536
"1797",2,59.7,55.6,656,0.529896907216495
"1798",2,63.1,60.8,622,0.45979381443299
"1799",2,52.2,44.9,606,0.42680412371134
"1800",2,50,45.3,757,0.738144329896907
"1801",2,43.5,37.2,487,0.181443298969072
"1802",2,38.3,31.9,601,0.416494845360825
"1803",2,41.6,39,549,0.309278350515464
"1804",2,33.3,17.6,562,0.336082474226804
"1805",2,64.9,59.5,577,0.36701030927835
"1806",2,67.3,52.8,526,0.261855670103093
"1807",2,58,47.5,602,0.418556701030928
"1808",2,36.8,30.7,510,0.228865979381443
"1809",2,65,59.4,529,0.268041237113402
"1810",2,46.1,44.8,628,0.472164948453608
"1811",2,59.5,53.2,629,0.474226804123711
"1812",2,45.4,43.2,603,0.420618556701031
"1813",2,68.8,66.2,568,0.348453608247423
"1814",2,62.8,56,677,0.57319587628866
"1815",2,68.8,60.1,562,0.336082474226804
"1816",2,41.4,31.9,536,0.282474226804124
"1817",2,43.6,33.1,589,0.391752577319588
"1818",2,27.9,7.7,652,0.521649484536083
"1819",2,35.9,24.8,604,0.422680412371134
"1820",2,44.6,31.9,584,0.381443298969072
"1821",2,62.9,55.8,706,0.632989690721649
"1822",2,49,29,613,0.556237218813906
"1823",2,25,15.9,578,0.484662576687117
"1824",2,59.4,47.2,557,0.441717791411043
"1825",2,68.5,60.2,451,0.224948875255624
"1826",2,43.7,27.5,592,0.513292433537832
"1827",2,20.2,1.9,495,0.314928425357873
"1828",2,55,46.1,578,0.484662576687117
"1829",2,62,56,505,0.335378323108384
"1830",2,55.5,50.3,650,0.631901840490798
"1831",2,55.5,50.4,556,0.439672801635992
"1832",2,48.3,45.8,568,0.348453608247423
"1833",2,62.3,56.3,604,0.422680412371134
"1834",2,66.5,60.3,552,0.315463917525773
"1835",2,36.3,30.8,550,0.311340206185567
"1836",2,44.5,31.4,559,0.329896907216495
"1837",2,38.1,25.9,567,0.34639175257732
"1838",2,59.9,53.2,558,0.477678571428571
"1839",2,54.7,45.9,515,0.381696428571429
"1840",2,57.7,54.1,619,0.613839285714286
"1841",2,54.6,46.9,486,0.316964285714286
"1842",2,38.2,30.8,505,0.359375
"1843",2,52.9,48.1,546,0.450892857142857
"1844",2,40.3,33.2,515,0.381696428571429
"1845",2,50.1,40.8,578,0.522321428571429
"1846",2,62.7,58.8,494,0.334821428571429
"1847",2,51.3,50.5,553,0.441964285714286
"1848",2,35.1,32.5,642,0.640625
"1849",2,65.8,63.5,660,0.680803571428571
"1850",2,41.1,32.4,535,0.401785714285714
"1851",2,63.8,59.3,532,0.395089285714286
"1852",2,62.7,55.1,620,0.591517857142857
"1853",2,67.1,58.1,602,0.551339285714286
"1854",2,34.8,27.7,439,0.1875
"1855",2,67.2,65.1,753,0.727463312368973
"1856",2,39.8,36.9,591,0.387840670859539
"1857",2,55.1,54.1,685,0.584905660377358
"1858",2,65.9,65.8,526,0.251572327044025
"1859",2,38.7,23.1,501,0.19916142557652
"1860",2,22.9,0.1,536,0.272536687631027
"1861",2,67.7,67.2,573,0.350104821802935
"1862",2,47.9,41.7,683,0.580712788259958
"1863",2,43.9,30.6,627,0.463312368972746
"1864",2,57.5,48.6,475,0.144654088050314
"1865",2,16.7,3.7,565,0.333333333333333
"1866",2,54.2,51.6,661,0.534591194968553
"1867",2,62.6,62.6,631,0.471698113207547
"1868",2,62.4,62,567,0.337526205450734
"1869",2,32,24.7,511,0.220125786163522
"1870",2,63.8,63.5,570,0.343815513626834
"1871",2,58.7,45.2,562,0.327044025157233
"1872",2,67.7,66.3,595,0.39622641509434
"1873",2,46.8,38,495,0.186582809224319
"1874",2,56.3,50.9,550,0.30188679245283
"1875",2,56.3,41.6,612,0.431865828092243
"1876",2,74.4,64.2,624,0.487603305785124
"1877",2,71.3,67.5,578,0.392561983471074
"1878",2,23.5,11.8,480,0.190082644628099
"1879",2,34.6,25.4,402,0.0289256198347107
"1880",2,32.3,23.3,553,0.340909090909091
"1881",2,47,45,463,0.15495867768595
"1882",2,62,60.2,581,0.398760330578512
"1883",2,45.9,38.6,554,0.34297520661157
"1884",2,58.1,53.3,584,0.40495867768595
"1885",2,47.3,33.1,581,0.398760330578512
"1886",2,61.7,59.4,654,0.519916142557652
"1887",2,42.3,37.5,475,0.144654088050314
"1888",2,30.9,24.3,661,0.534591194968553
"1889",2,65.1,65,512,0.222222222222222
"1890",2,38.7,36.7,538,0.276729559748428
"1891",2,63.1,57,608,0.423480083857442
"1892",2,53.6,44.6,613,0.433962264150943
"1893",2,74,67.2,648,0.507337526205451
"1894",2,36.2,31.3,623,0.485537190082645
"1895",2,63.2,57.5,498,0.227272727272727
"1896",2,42.1,25.4,603,0.444214876033058
"1897",2,61.7,58.6,498,0.227272727272727
"1898",2,69.4,62.8,570,0.37603305785124
"1899",2,44.3,33.2,679,0.601239669421488
"1900",2,47.8,33.6,626,0.491735537190083
"1901",2,44.8,43,465,0.270089285714286
"1902",2,59.4,57.3,531,0.417410714285714
"1903",2,36.9,27.7,594,0.558035714285714
"1904",2,30.9,16.8,394,0.111607142857143
"1905",2,53,46.9,656,0.696428571428571
"1906",2,38.8,35.8,448,0.232142857142857
"1907",2,66.9,63.2,534,0.424107142857143
"1908",2,59.9,46.2,557,0.475446428571429
"1909",2,60.1,51.2,510,0.370535714285714
"1910",2,54.3,50.9,560,0.447852760736196
"1911",2,63.3,59.9,622,0.574642126789366
"1912",2,71.8,62.1,597,0.523517382413088
"1913",2,71.8,67,582,0.492842535787321
"1914",2,34.5,19.8,456,0.235173824130879
"1915",2,60.2,58,635,0.510330578512397
"1916",2,44.8,37.6,530,0.293388429752066
"1917",2,74.3,68.6,650,0.541322314049587
"1918",2,60.7,49.5,612,0.462809917355372
"1919",2,43.8,28.3,592,0.421487603305785
"1920",2,53.4,49.8,649,0.539256198347107
"1921",2,62.6,53.5,700,0.644628099173554
"1922",2,40,21.4,540,0.31404958677686
"1923",2,34.8,22.6,601,0.440082644628099
"1924",2,62.6,57.6,646,0.533057851239669
"1925",2,37.8,27.3,596,0.429752066115702
"1926",2,50.5,38.8,641,0.522727272727273
"1927",2,35.8,21.1,465,0.159090909090909
"1928",2,71.8,70.9,638,0.486373165618449
"1929",2,64.3,62.7,649,0.509433962264151
"1930",2,22.5,7.2,548,0.29769392033543
"1931",2,55.1,51.2,615,0.438155136268344
"1932",2,42.5,34.2,575,0.354297693920335
"1933",2,30.2,18,623,0.454926624737945
"1934",2,60.4,54.5,665,0.542976939203354
"1935",2,49.8,46.6,573,0.350104821802935
"1936",2,58.8,50.3,583,0.371069182389937
"1937",2,29.8,13.4,495,0.186582809224319
"1938",2,46.3,41.2,587,0.517857142857143
"1939",2,35.1,22.7,523,0.375
"1940",2,40.4,24.6,528,0.386160714285714
"1941",2,39.7,24.5,527,0.383928571428571
"1942",2,31.5,10.3,540,0.412946428571429
"1943",2,51.9,37.9,557,0.450892857142857
"1944",2,67,59.2,577,0.495535714285714
"1945",2,56.7,46.7,649,0.65625
"1946",2,23.5,10.5,577,0.495535714285714
"1947",2,62.2,51.9,611,0.595982142857143
"1948",2,65.6,60.1,454,0.245535714285714
"1949",2,64.3,60,540,0.4375
"1950",2,50.9,41.1,590,0.549107142857143
"1951",2,48.9,45.2,628,0.633928571428571
"1952",2,67,55.8,505,0.359375
"1953",2,41.4,36.5,587,0.542410714285714
"1954",2,35.2,28.8,516,0.383928571428571
"1955",2,43.7,36.4,406,0.138392857142857
"1956",2,63.5,55.3,600,0.571428571428571
"1957",2,57,47.3,594,0.558035714285714
"1958",2,41.3,34.3,519,0.390625
"1959",2,66.3,58.8,491,0.328125
"1960",2,66.5,63.8,613,0.600446428571429
"1961",2,72,69.9,553,0.466517857142857
"1962",2,65,54.1,480,0.303571428571429
"1963",2,44.9,42.2,569,0.502232142857143
"1964",2,43.9,29.7,543,0.444196428571429
"1965",2,28.2,14.2,424,0.178571428571429
"1966",2,18.8,10.9,418,0.165178571428571
"1967",2,45.7,35.3,525,0.404017857142857
"1968",2,65.7,58.8,550,0.459821428571429
"1969",2,32,23,475,0.292410714285714
"1970",2,24.1,12.5,497,0.341517857142857
"1971",2,70.4,61.3,538,0.433035714285714
"1972",2,54.8,49.9,550,0.459821428571429
"1973",2,44.8,39.6,580,0.526785714285714
"1974",2,53.9,46.5,587,0.542410714285714
"1975",2,35.6,25.1,507,0.363839285714286
"1976",2,44.9,36.6,549,0.457589285714286
"1977",2,37,20.6,529,0.412946428571429
"1978",2,65.6,54,623,0.622767857142857
"1979",2,37.1,19.7,512,0.375
"1980",2,38.1,27.9,493,0.332589285714286
"1981",2,70.3,60.1,502,0.328125
"1982",2,52.9,46.5,526,0.381696428571429
"1983",2,46.9,38.6,550,0.435267857142857
"1984",2,56.8,49.5,637,0.629464285714286
"1985",2,49.7,48,599,0.544642857142857
"1986",2,60.6,51.4,580,0.502232142857143
"1987",2,70.3,66.6,566,0.470982142857143
"1988",2,30.5,15.4,533,0.397321428571429
"1989",2,68.3,58.5,514,0.354910714285714
"1990",2,31.3,15.4,479,0.306930693069307
"1991",2,66.2,64.9,591,0.584158415841584
"1992",2,55.6,52.3,514,0.393564356435644
"1993",2,44.4,39.7,555,0.495049504950495
"1994",2,61.3,57.7,497,0.351485148514851
"1995",2,69.1,66.1,516,0.398514851485149
"1996",2,38.5,21.7,488,0.329207920792079
"1997",2,67.3,59.8,504,0.368811881188119
"1998",2,37.7,22.9,422,0.0702479338842975
"1999",2,52.5,48.8,571,0.378099173553719
"2000",2,71.9,67,598,0.433884297520661
"2001",2,42.8,36.4,555,0.34504132231405
"2002",2,41.2,35.4,625,0.489669421487603
"2003",2,55.7,48.8,568,0.371900826446281
"2004",2,58.7,55.5,633,0.506198347107438
"2005",2,44.1,39.3,554,0.34297520661157
"2006",2,70.8,66.9,599,0.43595041322314
"2007",2,67.8,60.5,561,0.449897750511247
"2008",2,73.9,71.1,581,0.49079754601227
"2009",2,62.9,55.4,389,0.098159509202454
"2010",2,48.8,34.7,597,0.523517382413088
"2011",2,22.2,9.9,538,0.402862985685072
"2012",2,27.4,16,449,0.220858895705521
"2013",2,54.8,33.2,546,0.419222903885481
"2014",2,24.5,12.9,526,0.378323108384458
"2015",2,51.4,42.3,395,0.110429447852761
"2016",2,70.4,66.2,655,0.642126789366053
"2017",2,21.9,10.6,517,0.359918200408998
"2018",2,58,52.5,598,0.525562372188139
"2019",2,34.2,31,507,0.339468302658487
"2020",2,47.8,40.7,576,0.480572597137014
"2021",2,68,61,395,0.110429447852761
"2022",2,55.3,53.2,557,0.450892857142857
"2023",2,43.8,42.4,455,0.223214285714286
"2024",2,39.3,30.2,530,0.390625
"2025",2,64.7,58.2,635,0.625
"2026",2,55.2,50,525,0.379464285714286
"2027",2,62.1,58.3,489,0.299107142857143
"2028",2,50.5,39.4,586,0.515625
"2029",2,35.3,21.8,502,0.328125
"2030",2,23.1,3.7,520,0.368303571428571
"2031",2,60.7,54.2,488,0.296875
"2032",2,71.2,62.7,572,0.484375
"2033",2,56.9,47.4,520,0.368303571428571
"2034",2,46.1,42.4,516,0.359375
"2035",2,66.8,65.5,623,0.454926624737945
"2036",2,67.3,66.8,585,0.375262054507338
"2037",2,45.6,45.4,565,0.333333333333333
"2038",2,50.1,47.2,456,0.10482180293501
"2039",2,37,26.6,570,0.343815513626834
"2040",2,43.5,31.4,629,0.467505241090147
"2041",2,64.1,56.8,570,0.343815513626834
"2042",2,46.7,44.5,551,0.30398322851153
"2043",2,34.7,23.9,504,0.205450733752621
"2044",2,42.9,36.8,571,0.345911949685535
"2045",2,56.9,47.9,637,0.484276729559748
"2046",2,28.4,10.8,541,0.283018867924528
"2047",2,42.1,24.9,624,0.578732106339468
"2048",2,61.5,55.4,595,0.519427402862986
"2049",2,44.4,36.7,540,0.406952965235174
"2050",2,52.7,39.6,565,0.458077709611452
"2051",2,48.9,37.4,357,0.032719836400818
"2052",2,54.5,50.4,508,0.341513292433538
"2053",2,26.9,10,481,0.286298568507157
"2054",2,38.7,33.3,507,0.339468302658487
"2055",2,38.5,34.8,428,0.177914110429448
"2056",2,61.4,54.7,500,0.325153374233129
"2057",2,47.3,39.1,507,0.339468302658487
"2058",2,37.4,34.5,459,0.241308793456033
"2059",2,60.9,57,631,0.683168316831683
"2060",2,63.6,60.3,546,0.472772277227723
"2061",2,73,69.2,516,0.398514851485149
"2062",2,39.3,29.8,475,0.297029702970297
"2063",2,37.3,24.5,389,0.0841584158415842
"2064",2,29.2,25.8,403,0.118811881188119
"2065",2,42.7,41.5,475,0.297029702970297
"2066",2,49,32.9,626,0.670792079207921
"2067",2,51.2,43.6,612,0.636138613861386
"2068",2,63.4,58.5,599,0.603960396039604
"2069",2,39.7,34.5,567,0.524752475247525
"2070",2,38.2,29.1,474,0.294554455445545
"2071",2,27.6,10.4,534,0.443069306930693
"2072",2,46.6,34.7,517,0.400990099009901
"2073",2,24.4,16.6,558,0.502475247524752
"2074",2,59.2,50.1,547,0.475247524752475
"2075",2,69.3,66.1,492,0.339108910891089
"2076",2,62.3,59.6,571,0.534653465346535
"2077",2,64.5,57.6,519,0.405940594059406
"2078",2,35.9,26.6,484,0.319306930693069
"2079",2,57.3,45,471,0.287128712871287
"2080",2,45.7,42.5,563,0.361570247933884
"2081",2,50.4,47.7,597,0.431818181818182
"2082",2,59.4,54,589,0.415289256198347
"2083",2,50.1,47.2,692,0.628099173553719
"2084",2,30.7,11.4,388,0
"2085",2,28.2,9.9,555,0.34504132231405
"2086",2,75.9,73.3,614,0.466942148760331
"2087",2,51,44.8,614,0.466942148760331
"2088",2,62.5,57.3,627,0.493801652892562
"2089",2,69.1,62.1,579,0.394628099173554
"2090",2,61.3,58.9,629,0.497933884297521
"2091",2,41.8,25.1,557,0.349173553719008
"2092",2,73.5,67.3,623,0.485537190082645
"2093",2,62.1,52.1,688,0.619834710743802
"2094",2,56.2,54.1,502,0.328125
"2095",2,68.9,67.6,471,0.258928571428571
"2096",2,54.5,52.8,456,0.225446428571429
"2097",2,71.9,67.1,558,0.453125
"2098",2,67.5,65.3,533,0.397321428571429
"2099",2,76.2,72.3,586,0.515625
"2100",2,34.5,29.7,479,0.276785714285714
"2101",2,35,18.3,465,0.245535714285714
"2102",2,47,34.5,506,0.337053571428571
"2103",2,66.8,55.9,541,0.408997955010225
"2104",2,67.7,59.2,554,0.43558282208589
"2105",2,45.6,34,629,0.588957055214724
"2106",2,51.9,45.2,605,0.539877300613497
"2107",2,59.2,49.2,649,0.629856850715746
"2108",2,20.6,8.9,436,0.194274028629857
"2109",2,73.4,68.5,668,0.668711656441718
"2110",2,51.5,38.3,519,0.3640081799591
"2111",2,70.3,62.5,539,0.404907975460123
"2112",2,69.7,61.1,545,0.417177914110429
"2113",2,69.7,69.7,637,0.490721649484536
"2114",2,48.4,44,499,0.206185567010309
"2115",2,71.8,71.2,605,0.424742268041237
"2116",2,58.8,56.7,601,0.416494845360825
"2117",2,49.6,49,583,0.379381443298969
"2118",2,48.9,46.2,602,0.418556701030928
"2119",2,19.8,8.6,478,0.162886597938144
"2120",2,13.2,-0.2,599,0.412371134020619
"2121",2,66.6,60.3,568,0.348453608247423
"2122",2,40.2,37.5,609,0.43298969072165
"2123",2,39.2,35.8,449,0.232673267326733
"2124",2,26.9,15.8,690,0.829207920792079
"2125",2,47.8,38.7,580,0.556930693069307
"2126",2,69.4,67,480,0.309405940594059
"2127",2,66.2,55.2,527,0.425742574257426
"2128",2,72.4,66.5,495,0.346534653465347
"2129",2,47.6,45.6,595,0.594059405940594
"2130",2,63.6,50.4,585,0.569306930693069
"2131",2,52.7,49.6,532,0.438118811881188
"2132",2,36.3,29.8,521,0.410891089108911
"2133",2,74.5,71.7,551,0.485148514851485
"2134",2,37.1,22,521,0.410891089108911
"2135",2,67.9,66.3,575,0.544554455445545
"2136",2,54.6,45.2,506,0.373762376237624
"2137",2,62.4,52.3,596,0.596534653465347
"2138",2,47.3,34.3,536,0.448019801980198
"2139",2,40.2,22,531,0.435643564356436
"2140",2,56.2,53.1,523,0.415841584158416
"2141",2,57.4,55.2,551,0.485148514851485
"2142",2,58.6,53.4,556,0.497524752475248
"2143",2,44.5,35.1,513,0.391089108910891
"2144",2,39.2,31.7,569,0.52970297029703
"2145",2,41.7,22.4,571,0.534653465346535
"2146",1,46.3,46.3,479,0.164948453608247
"2147",1,43.4,43.2,412,0.0268041237113402
"2148",1,39.6,33.6,457,0.119587628865979
"2149",1,68.2,60.3,528,0.265979381443299
"2150",1,46.3,33.1,568,0.348453608247423
"2151",1,66.5,66.2,540,0.290721649484536
"2152",1,56.8,52.7,556,0.323711340206186
"2153",1,72.9,69.1,463,0.131958762886598
"2154",1,68.5,65.5,490,0.187628865979381
"2155",1,43.8,37.8,622,0.45979381443299
"2156",1,70.9,69.7,499,0.206185567010309
"2157",1,42.5,41.5,448,0.101030927835052
"2158",1,61,53.5,510,0.228865979381443
"2159",1,50.5,48.7,505,0.218556701030928
"2160",1,48.5,41.4,593,0.4
"2161",1,52.8,48.1,525,0.25979381443299
"2162",1,39.7,31.7,418,0.0391752577319588
"2163",1,44.2,40.5,399,0
"2164",1,39.9,21.2,500,0.208247422680412
"2165",1,62.6,50.8,556,0.323711340206186
"2166",1,9.3,-0.5,475,0.156701030927835
"2167",1,36.7,23.9,505,0.218556701030928
"2168",1,56.5,56.4,578,0.369072164948454
"2169",1,62.7,61.5,553,0.317525773195876
"2170",1,46,44.1,558,0.327835051546392
"2171",1,64.4,59.6,529,0.268041237113402
"2172",1,49.7,48.5,529,0.268041237113402
"2173",1,63.9,59.5,597,0.408247422680412
"2174",1,52.5,49.7,495,0.197938144329897
"2175",1,27,21.7,494,0.195876288659794
"2176",1,37.9,28.3,468,0.142268041237113
"2177",1,39.7,31.5,510,0.228865979381443
"2178",1,61.5,49.5,533,0.276288659793814
"2179",1,29.7,13.1,465,0.136082474226804
"2180",1,59.8,50.2,475,0.156701030927835
"2181",1,52.9,49,518,0.361963190184049
"2182",1,68.2,65,478,0.280163599182004
"2183",1,46.1,38.8,453,0.229038854805726
"2184",1,73.4,69.9,492,0.30879345603272
"2185",1,48.6,46.9,381,0.081799591002045
"2186",1,64.7,60.9,555,0.437627811860941
"2187",1,56.5,48.2,432,0.186094069529652
"2188",1,53.6,46.9,549,0.425357873210634
"2189",1,46.1,28,551,0.429447852760736
"2190",1,41.6,27.3,422,0.165644171779141
"2191",1,71.5,64.6,521,0.368098159509202
"2192",1,46.1,34,477,0.278118609406953
"2193",1,47.6,32.3,500,0.325153374233129
"2194",1,36,34,519,0.3640081799591
"2195",1,47.7,45.7,483,0.17319587628866
"2196",1,53.7,53.4,487,0.181443298969072
"2197",1,67,64,528,0.265979381443299
"2198",1,36.3,24.8,465,0.136082474226804
"2199",1,47.7,32.3,502,0.212371134020619
"2200",1,66.7,56.6,627,0.470103092783505
"2201",1,70.8,66.4,563,0.338144329896907
"2202",1,70.1,62.9,477,0.296875
"2203",1,52.6,41.5,425,0.180803571428571
"2204",1,46.1,38.6,377,0.0736607142857143
"2205",1,57.6,45.4,515,0.381696428571429
"2206",1,56.5,46.1,507,0.363839285714286
"2207",1,47,43.2,349,0.0111607142857143
"2208",1,64.6,62.1,515,0.357142857142857
"2209",1,36.7,26.8,409,0.120535714285714
"2210",1,49.3,44.1,500,0.323660714285714
"2211",1,26,12.8,374,0.0424107142857143
"2212",1,34.5,29.2,503,0.330357142857143
"2213",1,69.3,63.3,569,0.477678571428571
"2214",1,73.3,70.4,499,0.321428571428571
"2215",1,76.7,72.4,477,0.272321428571429
"2216",1,65.7,55.7,559,0.455357142857143
"2217",1,41.5,29.4,444,0.198660714285714
"2218",1,63.8,56.6,473,0.263392857142857
"2219",1,71,69.3,563,0.329140461215933
"2220",1,60,56.6,518,0.234800838574423
"2221",1,72.8,68.1,538,0.276729559748428
"2222",1,61.1,56.3,533,0.266247379454927
"2223",1,51.9,46.9,481,0.157232704402516
"2224",1,60.6,59.2,528,0.255765199161426
"2225",1,69.4,59.9,519,0.236897274633124
"2226",1,48.9,39.7,485,0.165618448637317
"2227",1,20.8,-1.7,489,0.174004192872117
"2228",1,65.3,64.3,587,0.379454926624738
"2229",1,24.1,15.9,406,0
"2230",1,39.7,33,514,0.226415094339623
"2231",1,37,30,456,0.10482180293501
"2232",1,52.7,37.3,618,0.444444444444444
"2233",1,44.4,33.6,485,0.165618448637317
"2234",1,35.6,32.1,439,0.0691823899371069
"2235",1,46.5,39.5,517,0.232704402515723
"2236",1,20,2.6,516,0.230607966457023
"2237",1,62.3,53.6,498,0.192872117400419
"2238",1,68.4,63.5,554,0.310272536687631
"2239",1,47,42.3,529,0.291322314049587
"2240",1,49.9,42.3,532,0.297520661157025
"2241",1,68.3,63.6,512,0.256198347107438
"2242",1,55.7,46.4,510,0.252066115702479
"2243",1,49.1,31.2,448,0.12396694214876
"2244",1,44.4,29.4,432,0.0909090909090909
"2245",1,70.6,67.3,535,0.303719008264463
"2246",1,45,39,532,0.297520661157025
"2247",1,58.4,56.9,466,0.161157024793388
"2248",1,71.3,67.8,538,0.309917355371901
"2249",1,66,56,587,0.411157024793388
"2250",1,42.8,31.7,509,0.25
"2251",1,64.7,64.2,586,0.377358490566038
"2252",1,68.7,67.4,537,0.274633123689727
"2253",1,41.9,37.7,469,0.132075471698113
"2254",1,42.6,36.3,448,0.0880503144654088
"2255",1,69.3,67.7,515,0.228511530398323
"2256",1,68.8,60.1,590,0.385744234800839
"2257",1,35.8,29.8,539,0.278825995807128
"2258",1,58,49.8,468,0.129979035639413
"2259",1,54.5,49.5,519,0.236897274633124
"2260",1,36.1,23.7,429,0.0482180293501048
"2261",1,51.8,46.1,474,0.142557651991614
"2262",1,46.3,30.9,541,0.283018867924528
"2263",1,40,32.8,459,0.146694214876033
"2264",1,53.7,35.4,534,0.301652892561983
"2265",1,61.1,52.4,557,0.349173553719008
"2266",1,29.9,13.3,522,0.276859504132231
"2267",1,59.9,51.5,559,0.353305785123967
"2268",1,48.5,46.1,591,0.419421487603306
"2269",1,60.8,49.4,582,0.400826446280992
"2270",1,37.2,22.6,479,0.18801652892562
"2271",1,66.1,54.5,475,0.292410714285714
"2272",1,66.4,64.6,476,0.294642857142857
"2273",1,41.9,34,493,0.332589285714286
"2274",1,36.1,29,380,0.0803571428571429
"2275",1,66.1,63.2,515,0.381696428571429
"2276",1,41.4,34,409,0.145089285714286
"2277",1,56,45.2,483,0.310267857142857
"2278",1,35.1,28.8,344,0
"2279",1,39.3,37.2,417,0.162946428571429
"2280",1,26.8,15.4,465,0.270089285714286
"2281",1,68.6,65.2,476,0.294642857142857
"2282",1,44.2,31.2,393,0.109375
"2283",1,68.2,59.1,451,0.238839285714286
"2284",1,64.9,55.5,516,0.383928571428571
"2285",1,62.2,54.3,528,0.410714285714286
"2286",1,42.4,36.2,449,0.234375
"2287",1,35.3,16.8,412,0.151785714285714
"2288",1,35.2,21.7,404,0.133928571428571
"2289",1,58.4,43.5,604,0.580357142857143
"2290",1,38.9,25.3,427,0.185267857142857
"2291",1,23.1,14.2,693,0.719836400817996
"2292",1,67,62.1,489,0.302658486707566
"2293",1,56,46.7,559,0.445807770961145
"2294",1,64.4,61.6,535,0.396728016359918
"2295",1,50.1,45.5,431,0.184049079754601
"2296",1,34.5,27.9,517,0.266528925619835
"2297",1,74.2,65,540,0.31404958677686
"2298",1,70.6,68.7,574,0.384297520661157
"2299",1,67.5,64.8,529,0.291322314049587
"2300",1,41.7,32.9,585,0.40702479338843
"2301",1,40.2,32.3,451,0.130165289256198
"2302",1,38.2,24.3,482,0.194214876033058
"2303",1,73.2,63.2,566,0.367768595041322
"2304",1,21,17.9,462,0.117400419287212
"2305",1,63.3,63.3,496,0.188679245283019
"2306",1,39,34.6,513,0.224318658280922
"2307",1,67.1,57.7,606,0.419287211740042
"2308",1,47.8,36.9,438,0.0670859538784067
"2309",1,54.8,50.4,573,0.350104821802935
"2310",1,65.8,65.6,521,0.241090146750524
"2311",1,53.4,40,470,0.134171907756813
"2312",1,60.4,59.4,613,0.433962264150943
"2313",1,61.5,55.8,702,0.620545073375262
"2314",1,69.6,64.1,512,0.222222222222222
"2315",1,27.6,13.8,547,0.29559748427673
"2316",1,56.9,54.7,515,0.357142857142857
"2317",1,40.5,37.9,401,0.102678571428571
"2318",1,39.7,34,376,0.046875
"2319",1,65.5,59.5,482,0.283482142857143
"2320",1,51,36.8,479,0.276785714285714
"2321",1,30.9,20.8,439,0.1875
"2322",1,49.2,46,450,0.212053571428571
"2323",1,35.4,28,490,0.301339285714286
"2324",1,45.3,39.4,487,0.294642857142857
"2325",1,66,58,462,0.238839285714286
"2326",1,39,30.1,439,0.212053571428571
"2327",1,51.4,42.6,451,0.238839285714286
"2328",1,53.3,43.7,473,0.287946428571429
"2329",1,38.1,26,429,0.189732142857143
"2330",1,68.7,63.6,439,0.212053571428571
"2331",1,43.5,38.4,532,0.419642857142857
"2332",1,59.6,50.4,505,0.359375
"2333",1,42,36.9,414,0.15625
"2334",1,58.3,49.5,584,0.535714285714286
"2335",1,53.2,42.7,419,0.167410714285714
"2336",1,41.1,25.3,484,0.3125
"2337",1,69.1,65.6,495,0.337053571428571
"2338",1,30.3,18.2,450,0.236607142857143
"2339",1,47,40.4,482,0.308035714285714
"2340",1,63.2,49.2,477,0.296875
"2341",1,63.3,58.5,512,0.375
"2342",1,64.7,57.9,538,0.433035714285714
"2343",1,63.9,56.8,437,0.207589285714286
"2344",1,29.8,22.4,464,0.267857142857143
"2345",1,46.3,44.7,437,0.207589285714286
"2346",1,68.3,64.7,476,0.294642857142857
"2347",1,45.1,38.4,388,0.0982142857142857
"2348",1,65.2,57.9,451,0.238839285714286
"2349",1,53.7,44.4,472,0.285714285714286
"2350",1,69.1,61.4,512,0.375
"2351",1,46.9,45.9,529,0.388392857142857
"2352",1,36.8,30.2,462,0.238839285714286
"2353",1,50.2,45.5,517,0.361607142857143
"2354",1,69,62.9,441,0.191964285714286
"2355",1,52,46.1,435,0.178571428571429
"2356",1,39.1,23.6,466,0.247767857142857
"2357",1,28.7,9.5,445,0.200892857142857
"2358",1,46.9,36.3,395,0.0892857142857143
"2359",1,35.1,28.2,445,0.200892857142857
"2360",1,52,47.3,547,0.428571428571429
"2361",1,54.9,50.1,506,0.373762376237624
"2362",1,51.9,51.2,505,0.371287128712871
"2363",1,72.9,70.5,471,0.287128712871287
"2364",1,70.7,68.3,480,0.309405940594059
"2365",1,52.5,39.7,474,0.294554455445545
"2366",1,21.7,4.7,429,0.183168316831683
"2367",1,56.3,52.2,571,0.378099173553719
"2368",1,62.2,59.7,480,0.190082644628099
"2369",1,43.4,34.6,466,0.161157024793388
"2370",1,50.1,35.2,435,0.0971074380165289
"2371",1,49.8,48,521,0.274793388429752
"2372",1,46.8,38.5,481,0.192148760330579
"2373",1,51.3,36.2,518,0.268595041322314
"2374",1,45.2,36.3,484,0.198347107438017
"2375",1,57.6,39.4,572,0.380165289256198
"2376",1,25.7,21,454,0.231083844580777
"2377",1,36.5,26.7,406,0.132924335378323
"2378",1,34.9,23.9,505,0.335378323108384
"2379",1,44.5,38,555,0.437627811860941
"2380",1,74.3,68.8,552,0.431492842535787
"2381",1,59.5,45.8,559,0.445807770961145
"2382",1,56.2,46.7,536,0.398773006134969
"2383",1,59.4,50.9,493,0.310838445807771
"2384",1,35.1,18.8,432,0.186094069529652
"2385",1,65.8,59.5,467,0.257668711656442
"2386",1,72.6,66.8,563,0.45398773006135
"2387",1,66.9,53.5,578,0.484662576687117
"2388",1,57,54.8,549,0.425357873210634
"2389",1,64.9,61.5,620,0.570552147239264
"2390",1,48.3,37.2,457,0.227678571428571
"2391",1,50.8,48.7,457,0.227678571428571
"2392",1,43.2,42.4,411,0.125
"2393",1,52.2,51.5,398,0.0959821428571429
"2394",1,57.6,54.3,510,0.345982142857143
"2395",1,71.8,68.1,497,0.316964285714286
"2396",1,45.7,41.4,589,0.522321428571429
"2397",1,68.8,57,484,0.287946428571429
"2398",1,36.3,17.7,419,0.142857142857143
"2399",1,63.8,62.5,593,0.392033542976939
"2400",1,43.2,40.4,411,0.010482180293501
"2401",1,36,32.2,550,0.30188679245283
"2402",1,50.4,47.9,633,0.475890985324948
"2403",1,33.6,24.8,490,0.176100628930818
"2404",1,43,31.2,462,0.117400419287212
"2405",1,38,26.4,428,0.0461215932914046
"2406",1,52.5,48.9,514,0.226415094339623
"2407",1,55.5,46.8,571,0.345911949685535
"2408",1,57,51.7,522,0.370143149284254
"2409",1,27.1,12.1,341,0
"2410",1,34.5,29.9,394,0.10838445807771
"2411",1,70.7,65.3,556,0.439672801635992
"2412",1,45.4,40.9,485,0.294478527607362
"2413",1,71.4,67.9,545,0.417177914110429
"2414",1,38.5,19.5,500,0.325153374233129
"2415",1,45,31.4,443,0.208588957055215
"2416",1,75.9,64.8,550,0.427402862985685
"2417",1,46.3,37.4,471,0.265848670756646
"2418",1,24.8,10.2,361,0.0408997955010225
"2419",1,38.5,33.8,459,0.241308793456033
"2420",1,24.7,14.7,400,0.111386138613861
"2421",1,46.3,41.2,393,0.0940594059405941
"2422",1,45.4,44.9,373,0.0445544554455446
"2423",1,69.5,56.7,481,0.311881188118812
"2424",1,48,38.5,440,0.21039603960396
"2425",1,56.2,53.1,527,0.425742574257426
"2426",1,39.1,23.3,451,0.237623762376238
"2427",1,61.3,57,477,0.301980198019802
"2428",1,72.8,69.1,447,0.227722772277228
"2429",1,46.1,38.4,472,0.28960396039604
"2430",1,66.3,63.4,585,0.569306930693069
"2431",1,74.4,69.8,475,0.297029702970297
"2432",1,34.8,21.5,426,0.175742574257426
"2433",1,50.2,41.8,455,0.247524752475248
"2434",1,64.9,60.9,505,0.371287128712871
"2435",1,37.4,29.3,502,0.363861386138614
"2436",1,63.6,57.2,533,0.440594059405941
"2437",1,49.4,43.7,415,0.148514851485149
"2438",1,64.8,58.4,442,0.215346534653465
"2439",1,56.3,49.4,544,0.467821782178218
"2440",1,40,37.1,450,0.235148514851485
"2441",1,43.2,40.6,394,0.0965346534653465
"2442",1,65.4,64.2,423,0.168316831683168
"2443",1,30.9,25.6,447,0.227722772277228
"2444",1,54.3,38.7,512,0.388613861386139
"2445",1,63,60.1,508,0.247933884297521
"2446",1,67.7,61.7,559,0.353305785123967
"2447",1,75.3,73.3,521,0.274793388429752
"2448",1,67.2,58,448,0.12396694214876
"2449",1,33.2,18.7,500,0.231404958677686
"2450",1,61.3,59.2,486,0.202479338842975
"2451",1,64.6,58.2,566,0.367768595041322
"2452",1,55.2,47.6,503,0.237603305785124
"2453",1,38.7,30.1,423,0.0723140495867769
"2454",1,51.3,49,462,0.152892561983471
"2455",1,65.3,57.4,466,0.161157024793388
"2456",1,40.6,23.9,499,0.229338842975207
"2457",1,45.8,36.5,568,0.371900826446281
"2458",1,57.6,53.3,441,0.191964285714286
"2459",1,71.2,69.7,481,0.28125
"2460",1,66.9,62,488,0.296875
"2461",1,68.2,65.3,604,0.555803571428571
"2462",1,66.9,62.9,527,0.383928571428571
"2463",1,53.4,47.2,467,0.25
"2464",1,57.7,43.7,526,0.381696428571429
"2465",1,62.8,58.9,509,0.34375
"2466",1,66.6,55.9,504,0.333333333333333
"2467",1,65.8,61.6,551,0.429447852760736
"2468",1,53.2,35.5,472,0.267893660531697
"2469",1,63.1,56.2,543,0.413087934560327
"2470",1,33.8,28,464,0.251533742331288
"2471",1,74.3,70.4,573,0.358762886597938
"2472",1,65.5,61.6,564,0.34020618556701
"2473",1,39.4,34.8,472,0.150515463917526
"2474",1,37.8,34.1,541,0.292783505154639
"2475",1,61.7,52.8,545,0.301030927835052
"2476",1,34.6,24,404,0.0103092783505155
"2477",1,52.8,37.7,516,0.241237113402062
"2478",1,41.7,29.3,470,0.14639175257732
"2479",1,27.2,7.9,526,0.261855670103093
"2480",1,35.8,32.8,491,0.189690721649485
"2481",1,39.7,28.6,451,0.237623762376238
"2482",1,43.1,35,420,0.160891089108911
"2483",1,55.1,45.6,502,0.363861386138614
"2484",1,45.1,28.5,471,0.287128712871287
"2485",1,58.3,47.4,490,0.334158415841584
"2486",1,35.7,31.3,393,0.0940594059405941
"2487",1,61.2,50.7,476,0.299504950495049
"2488",1,34,19.4,456,0.25
"2489",1,69.4,61.9,454,0.245049504950495
"2490",1,30.5,9.2,494,0.344059405940594
"2491",1,43,38.1,426,0.175742574257426
"2492",1,59.1,54.8,404,0.121287128712871
"2493",1,61.8,58.6,487,0.326732673267327
"2494",1,30.7,24.5,445,0.222772277227723
"2495",1,48.9,45.9,533,0.440594059405941
"2496",1,47.8,39.9,515,0.396039603960396
"2497",1,64,54.6,459,0.257425742574257
"2498",1,68,59.3,500,0.358910891089109
"2499",1,69.8,68,485,0.321782178217822
"2500",1,42.6,40.7,426,0.175742574257426
"2501",1,39,31.7,415,0.148514851485149
